,player,last,01-05-20,01-12-20,01-19-20,01-26-20,02-02-20,02-09-20,02-16-20,02-22-20,02-23-20,03-01-20,03-08-20,06-14-20,06-21-20,06-28-20,07-05-20,07-12-20,07-19-20,07-25-20,08-09-20,08-16-20,08-23-20,08-30-20,09-07-20,09-13-20,09-20-20,09-27-20,10-04-20,10-11-20,10-18-20,10-25-20,11-01-20,11-08-20,11-15-20,11-22-20,12-06-20,01-10-21,01-17-21,01-24-21,01-30-21,02-07-21,02-14-21,02-21-21,02-27-21,02-28-21,03-07-21,03-14-21,03-21-21,03-28-21,04-04-21,04-11-21,04-18-21,05-02-21,05-09-21,05-16-21,Unnamed: 0,05-23-21,05-30-21
0,Brad Adamonis,Adamonis,,,,,,,,,,,,,,,,,,,,,,,,,,,,,,,,,,,,,,,,,,,,,,,,,,,,0.0,,,,,
1,Robert Allenby,Allenby,,,,,,,,0.0,,,,,,,,,,,,,,,,,,,,,,,,,,,,,,,,,,,0.0,,,,,,,,,,,,,,
2,Abraham Ancer,Ancer,,71.0,99.0,,,,63.0,,83.0,,20.0,81.0,99.0,85.0,,,23.0,,47.0,,0.0,54.0,57.0,,10.0,,,95.0,65.0,56.0,,,80.0,,85.0,57.0,0.0,94.0,,,,0.0,,73.0,,84.0,,,82.0,67.0,84.0,97.0,98.0,,7.0,92.0,86.0
3,Mark Anderson,Anderson,,83.0,,79.0,,0.0,,74.0,,57.0,,,,,10.0,0.0,,0.0,,0.0,,,,52.0,,14.0,0.0,,,,63.0,,,0.0,0.0,,0.0,0.0,0.0,,0.0,,51.0,,,,,66.0,,,,,,60.0,,,
4,Mark Anguiano,Anguiano,,,,,,,,,,,,,,,,,,,,,,,,,,,,,,,,,,,,,,,,0.0,,,,,,,,,,,,,,,,,
5,Kiradech Aphibarnrat,Aphibarnrat,,,,,0.0,0.0,0.0,74.0,,0.0,,,,,,,,,,0.0,,,,0.0,,7.0,0.0,,,,85.0,,,,0.0,,,,,,0.0,,0.0,,,,53.0,0.0,0.0,,,0.0,,0.0,,,
6,Ryan Armour,Armour,,0.0,0.0,,0.0,0.0,0.0,,,0.0,,,3.0,93.0,96.0,0.0,,0.0,,69.0,0.0,,,0.0,,0.0,32.0,0.0,,,90.0,0.0,,0.0,0.0,,75.0,79.0,,0.0,69.0,0.0,,,,63.0,59.0,,0.0,,0.0,0.0,0.0,81.0,,,
7,Arjun Atwal,Atwal,,,,,,0.0,,57.0,,0.0,,,,,37.0,,,24.0,,0.0,,,,,,7.0,,,,,0.0,,,,,,,,,,,,0.0,,,,,0.0,,,,,,,,,
8,John Augenstein,Augenstein,,,,,,,,,,,,,,,,,,,,,,,,,0.0,,,,,,,,10.0,,,,,0.0,,0.0,,0.0,,,0.0,,,,,,0.0,0.0,,,161.0,,79.0
9,Michael Auterson,Auterson,,,,,,,,,,,,,,,,,,,0.0,,,,,,,,,,,,,,,,,,,,,,,,,,,,,,,,,,,,,,
10,Eric Axley,Axley,,,,,,,,,,,,,,,,,,,,,,,,,,0.0,,,,,,,,,,,,,,,,,0.0,,,,,,,,,,,,,,
11,Aaron Baddeley,Baddeley,,,0.0,58.0,68.0,82.0,0.0,,,,,,0.0,0.0,0.0,0.0,,68.0,,0.0,,,,0.0,,0.0,0.0,,,,0.0,,,14.0,0.0,,70.0,0.0,0.0,,0.0,,76.0,,,,,62.0,,,,0.0,,0.0,,,
12,Sangmoon Bae,Bae,,,,,,,,67.0,,,,,,,,,,0.0,,,,,,0.0,,64.0,,,,,0.0,,,,,,,,,,0.0,,0.0,,,,,49.0,,,,,,,,,
13,Chris Baker,Baker,,0.0,0.0,52.0,,72.0,,0.0,,69.0,,,,,37.0,,,41.0,,75.0,,,,0.0,,0.0,0.0,,,,0.0,,,0.0,59.0,,59.0,0.0,0.0,,0.0,,0.0,,,,,0.0,,,,,,0.0,,,
14,Daniel Balin,Balin,,,,,,,,,,,,,,,,,,,0.0,,,,,,0.0,,,,,,,,,,,,,,,,,,,,,,,,,,,,,,101.0,0.0,
15,Shintaro Ban,Ban,,,,,,,,,,,,,,,,,,,,,,,,0.0,,,,,,,,,,,,,,,,,,,,,,,,,,,,,,,,,
16,Paul Barjon,Barjon,,,,,,,,,,,,,,,,,,,,,,,,,0.0,,,,,,,,,,,,,,,,,,54.0,,,,,0.0,,,,,,,,,
17,Ricky Barnes,Barnes,,,0.0,,,0.0,,0.0,,,,,,,0.0,,,0.0,,,,,,70.0,,46.0,,,,,9.0,,,,,,,,,,0.0,,0.0,,,,,0.0,,,,,,0.0,,,
18,Erik Barnes,Barnes,,,,,,,,,,,,,,,,,,,,,,,,,,,,,,,,46.0,,,,,,,,,,,,,,,,,,,,,,,,,
19,Alexander Beach,Beach,,0.0,,0.0,,,,0.0,,,,,,,,,,,0.0,,,,,,,,,,,,,,,,,,,,,,,,,,,,,0.0,,,,,,,141.0,0.0,
20,Rich Beem,Beem,,,,,,,,,,,,,,,,,,0.0,0.0,,,,,,,,,,,,,,,,,,,,,,,,,,,,,,,,,,,,94.0,0.0,
21,Charlie Beljan,Beljan,,,,,,,,,,,,,,,,,,,,,,,,,,,,,,,,,,,,,,,,,,,72.0,,,,,,,,,,,0.0,,,
22,Isidro Benitez,Benitez,,,,,,,,,,,,,,,,,,,,,,,,,,0.0,,,,,,,,,0.0,,,,,,,,,,,,,,,,,,,,,,
23,Sam Bennett,Bennett,,,,,,,,,,,,,,,,,,,,,,,,,,,,,,,,,,,,,,,,,,,,,,,,,0.0,,,,,,,,
24,"Rich Berberian, Jr.","Berberian, Jr.",,,,,,,,,,,,,,,,,,,0.0,,,,,,,,,,,,,,,,,,,,,,,,,,,,,,,,,,,,,,
25,"David Berganio, Jr.","Berganio, Jr.",,,,,,,,,,,,,,,,,,,,0.0,,,,,,,,,,,,,,,,,,,,,,,,,,,,,,,,,,,,,
26,Daniel Berger,Berger,,71.0,79.0,,91.0,96.0,,,,96.0,,100.0,97.0,,,,0.0,,85.0,,97.0,65.0,47.0,,46.0,,,,65.0,79.0,,,,,69.0,77.0,94.0,,,0.0,99.0,,,51.0,,92.0,,,,0.0,89.0,,,97.0,74.0,51.0,79.0
27,Jacob Bergeron,Bergeron,,,,0.0,,,,,,,,,,,,,,,,,,,,,,,,,,,,,,,,,,,,,,,,,,,,,,,,,,,,,
28,Justin Bertsch,Bertsch,,,,,,,,0.0,,0.0,,,,,,,,,0.0,,,,,,,,,,,,,,,,,,,,,,,,,,,,,,,,,,,,,,
29,Shane Bertsch,Bertsch,,,,,,,,,,,,,,,,,,,,,,,,,,,,,,,,,,,,,0.0,,,,,,,,,,,,,,,,,,,,
30,Christiaan Bezuidenhout,Bezuidenhout,,,,,,,,,55.0,,75.0,0.0,64.0,,0.0,,72.0,,0.0,53.0,,,,,11.0,,,,,,,,38.0,,,,,,,,,,,54.0,94.0,71.0,,,,52.0,73.0,,,,29.0,78.0,
31,Akshay Bhatia,Bhatia,,,0.0,,,,,,,,,,,,,,,,,0.0,,,,89.0,,0.0,,,,,,,,,28.0,,,0.0,,,80.0,,,,,,,,0.0,,,,0.0,,,,
32,Lucas Bjerregaard,Bjerregaard,,,0.0,0.0,0.0,,,0.0,,0.0,,,,0.0,0.0,0.0,,,,,,,,,,,,,,,0.0,,,,,,,,,,,,,,,,,,,,,,,,,,
33,Zac Blair,Blair,,56.0,63.0,84.0,,86.0,,0.0,,0.0,49.0,19.0,,0.0,20.0,0.0,0.0,,,0.0,0.0,,,0.0,,7.0,0.0,0.0,,,,,,,,,,,,,,,,,,,,,,,,,,,,,
34,Ryan Blaum,Blaum,,,,,,,,,,,,,,,0.0,,,0.0,,,,,,30.0,,0.0,,,,,0.0,,,,,,,,,,0.0,,58.0,,,,,0.0,,,,,,0.0,,,
35,Jonas Blixt,Blixt,,,,,,,,,,,,,,,,,,,,,,,,,,,,,,,,,,,,,,,,,,,,,,,,,,,,0.0,57.0,0.0,,,
36,Michael Block,Block,,,,0.0,,,,,,,,,,,,,,,,,,,,,,,,,,,,,,,,,,0.0,,,,,,,,,,,,,,,,,,,
37,Jason Bohn,Bohn,,,,,,,,0.0,,,,,,,,,,,,,,,,,,0.0,,,,,,,,,,,,,,,,,62.0,,,,,,,,,,,,,,
38,Matthew Borchert,Borchert,,,,,,,,,,,,,,,,,,,,,,,,,,,,,,,3.0,,,,,,,,,,,,,,,,,,,,,,,,,,
39,Dominic Bozzelli,Bozzelli,,,0.0,49.0,,0.0,,0.0,,,,,,,0.0,,,0.0,,,,,,0.0,,26.0,,,,,0.0,,,,,,,,,,0.0,,0.0,,,,,0.0,,,,,,0.0,,,
40,Keegan Bradley,Bradley,,89.0,,88.0,62.0,,0.0,,,0.0,41.0,54.0,,0.0,37.0,43.0,9.0,,0.0,,60.0,,,0.0,0.0,,95.0,0.0,47.0,,,0.0,,78.0,56.0,,0.0,0.0,,81.0,,50.0,,,89.0,79.0,78.0,,82.0,,,98.0,86.0,,16.0,87.0,
41,Joseph Bramlett,Bramlett,,66.0,0.0,70.0,,86.0,56.0,91.0,,0.0,,,,41.0,0.0,0.0,,0.0,,0.0,,,,0.0,,46.0,35.0,36.0,,,35.0,,,0.0,0.0,,,0.0,85.0,,59.0,,62.0,,,,0.0,89.0,73.0,,,58.0,0.0,95.0,201.0,,0.0
42,Ryan Brehm,Brehm,,0.0,63.0,67.0,,56.0,,67.0,,,,,,,0.0,,,0.0,,61.0,,,,0.0,,57.0,,,,,63.0,,,5.0,18.0,,,,0.0,,0.0,,91.0,,,,,71.0,0.0,,,0.0,0.0,0.0,,,
43,Scott Brown,Brown,,0.0,0.0,0.0,,0.0,97.0,43.0,,0.0,20.0,0.0,0.0,6.0,0.0,,,0.0,,47.0,0.0,,,0.0,,26.0,0.0,0.0,,,,66.0,,0.0,,,64.0,0.0,0.0,0.0,80.0,,58.0,,,59.0,0.0,66.0,0.0,,0.0,72.0,0.0,77.0,188.0,,0.0
44,Olin Browne,Browne,,,,,,,,,,,,0.0,,,,,,,,,,,,,,,,,,,,,,,,,,,,,,,,,,,,,,,,,,,,,
45,Wesley Bryan,Bryan,,,,,,,,,,,,,11.0,66.0,71.0,,,,,61.0,,,,0.0,,,83.0,,,,0.0,,,,0.0,,75.0,,,,,61.0,,,,,0.0,,0.0,,79.0,67.0,,81.0,,,
46,Hayden Buckley,Buckley,,,,,,,,,,52.0,,,,,,,,,,,,,,,,,,,,,,,,,,,,,,,,,,,,,,,,,,,,,,,
47,Bronson Burgoon,Burgoon,,,71.0,0.0,,,0.0,,,0.0,,45.0,0.0,0.0,0.0,10.0,,41.0,,0.0,,,,,,,0.0,14.0,,,0.0,0.0,,78.0,0.0,,0.0,49.0,71.0,,69.0,,67.0,,,,53.0,77.0,0.0,,,90.0,0.0,91.0,,,
48,Sam Burns,Burns,,0.0,95.0,67.0,0.0,,80.0,,,55.0,49.0,,0.0,66.0,59.0,76.0,,54.0,,84.0,0.0,,,92.0,,64.0,0.0,50.0,,,,91.0,,,,,,0.0,85.0,81.0,73.0,97.0,,,0.0,0.0,,,0.0,,70.0,99.0,,98.0,,,
49,Byeong Hun An,Byeong Hun,,,0.0,56.0,91.0,,,,55.0,96.0,20.0,12.0,0.0,34.0,,0.0,0.0,,73.0,,0.0,84.0,,,0.0,,0.0,0.0,47.0,56.0,,,0.0,,0.0,,,90.0,51.0,59.0,,,72.0,,63.0,0.0,0.0,,0.0,,0.0,57.0,0.0,,48.0,67.0,57.0
50,Jonathan Byrd,Byrd,,,,,,0.0,,0.0,,,,,,,84.0,0.0,,0.0,,,,,,18.0,,64.0,0.0,,,,24.0,,,0.0,,,,,,,0.0,,67.0,,,,,51.0,,,,,,0.0,,,
51,Rafa Cabrera Bello,Cabrera Bello,,,,,,0.0,84.0,,77.0,,0.0,67.0,0.0,47.0,0.0,,0.0,54.0,0.0,53.0,,,,0.0,64.0,,32.0,0.0,,,0.0,,17.0,18.0,0.0,,,,,,0.0,,,18.0,,,0.0,0.0,66.0,,,0.0,0.0,85.0,164.0,,71.0
52,Chad Campbell,Campbell,,,,,,0.0,,0.0,,,,0.0,,,,,,0.0,,,,,,0.0,,,,,,,,,,,,,,,,,,,,,,,,,,,,,,,,,
53,Jorge Campillo,Campillo,,,,,,,,,7.0,,,,,,,,,,0.0,,,,,,,,,,,,,,,,,,,,,,,,,,,,,,,,,,,,,,
54,Rafael Campos,Campos,,0.0,0.0,,,,,,,,,,,,,,,,,,,,,0.0,,0.0,,,,,0.0,,,,28.0,,0.0,0.0,0.0,,0.0,,97.0,,,,0.0,98.0,73.0,,0.0,0.0,0.0,0.0,,,
55,Will Cannon,Cannon,,,,,,,,,,,,,,,,,,,,,,,,,,,,,,,,,,,,,,,,,,,50.0,,,,,,,,,,,,,,
56,Laurie Canter,Canter,,,,,,,,,,,,,,,,,,,,,,,,,,,,,,,,,,,,,,,,,,,,11.0,,,,,,,,,,,,,
57,Patrick Cantlay,Cantlay,89.0,,,,,92.0,84.0,,,,,,,85.0,,91.0,58.0,,47.0,,0.0,84.0,,,31.0,,,89.0,52.0,100.0,,,73.0,,,66.0,,99.0,,,98.0,86.0,,,,0.0,,,,0.0,0.0,,0.0,,26.0,83.0,
58,Sebastian Cappelen,Cappelen,,,95.0,84.0,0.0,0.0,,51.0,,0.0,,,,0.0,0.0,0.0,,0.0,,0.0,,,,0.0,,86.0,0.0,,,,,,,14.0,0.0,,,11.0,0.0,,64.0,,0.0,,,,0.0,71.0,56.0,,,0.0,0.0,0.0,,,
59,Jason Caron,Caron,,,,,,,,,,,,,,,,,,,0.0,,,,,,,,,,,,,,,,,,,,,,,,,,,,,,,,,,,,,,
60,Paul Casey,Casey,41.0,,84.0,,,58.0,67.0,,85.0,,,,,54.0,,,0.0,0.0,99.0,61.0,31.0,78.0,,,74.0,,,0.0,12.0,56.0,,,38.0,,,,,90.0,,,96.0,,,,89.0,96.0,,,,67.0,0.0,84.0,,,3.0,96.0,
61,Ricky Castillo,Castillo,,,,,,,,,,,,,,,,,,,,,,,,,0.0,,,,,,,,,,,,,,,,,,,,,,,,,,,,,,,,
62,Roberto Castro,Castro,,,,,,0.0,,86.0,,,,,,,0.0,,,0.0,,,,,,0.0,,,,,,,,,,,,,,,,,0.0,,67.0,,,,,85.0,,,,,,0.0,,,
63,John Catlin,Catlin,,,,,,,,,,,,,,,,,,,,,,,,,,,,,,,,,,,,,,,,,,,,,,,,,,,,,,0.0,116.0,0.0,
64,Bud Cauley,Cauley,,0.0,97.0,0.0,78.0,,56.0,,,69.0,55.0,58.0,0.0,0.0,,0.0,42.0,,54.0,82.0,0.0,,,82.0,,,,,,,,,,,,,,,,,,,,,,,,,,,,,,,,,
65,Alex Cejka,Cejka,,,,,,78.0,,48.0,,,,,,,,,,34.0,,,,,,0.0,,0.0,,,,,0.0,,,,,,,,,,,,,,,,,66.0,,,,,,,,,
66,Greg Chalmers,Chalmers,,,0.0,,0.0,0.0,,,,0.0,,,,3.0,0.0,,,0.0,,0.0,,,,,,,0.0,,,,,28.0,,,,,,,,,0.0,,82.0,,,,,0.0,,,,,,0.0,,,
67,Cameron Champ,Champ,57.0,,84.0,88.0,,63.0,0.0,,,,0.0,81.0,,,84.0,1.0,0.0,,89.0,,0.0,7.0,30.0,,0.0,,,0.0,47.0,91.0,,,70.0,,,23.0,,0.0,0.0,0.0,,,,31.0,0.0,0.0,,,73.0,67.0,,,,63.0,137.0,0.0,0.0
68,Kevin Chappell,Chappell,,,0.0,,0.0,82.0,0.0,,,,26.0,,0.0,22.0,13.0,,,,,,,,,25.0,,0.0,67.0,0.0,,,,12.0,,2.0,,,,,,,0.0,,,,,,89.0,,0.0,,,,,0.0,,,
69,Gunn Charoenkul,Charoenkul,,,,,,,,,,,,,,,,,,,,,,,,,,,,,,31.0,,,,,,,,,,,,,,,,,,,,,,,,,,,
70,K.J. Choi,Choi,,,,0.0,57.0,0.0,,,,,,,0.0,,,,0.0,12.0,,,,,,0.0,,,0.0,0.0,,,,,,0.0,37.0,,51.0,,55.0,,0.0,,,,,,0.0,0.0,78.0,,0.0,0.0,54.0,0.0,,,
71,Daniel Chopra,Chopra,,,,,,,,42.0,,,,,,,,,,0.0,,,,,,,,0.0,,,,,,,,,,,,,,,,,0.0,,,,,0.0,,,,0.0,,,,,
72,Stewart Cink,Cink,,,0.0,62.0,,72.0,,,,62.0,33.0,,19.0,0.0,,76.0,18.0,34.0,,0.0,,,,100.0,,,83.0,5.0,,,96.0,0.0,,0.0,,23.0,85.0,,,54.0,0.0,0.0,,,,0.0,85.0,,,84.0,99.0,,74.0,,30.0,78.0,
73,Wyndham Clark,Clark,,,0.0,0.0,73.0,86.0,84.0,,,90.0,3.0,0.0,16.0,0.0,,,0.0,0.0,0.0,0.0,60.0,,,0.0,,,2.0,82.0,,,100.0,0.0,,66.0,,,,25.0,78.0,71.0,,92.0,,,0.0,0.0,0.0,,,,52.0,61.0,70.0,73.0,75.0,51.0,79.0
74,Keith Clearwater,Clearwater,,,,,,,,,,,,0.0,,,,,,,,,,,,,,,,,,,,,,,,,,,,,,,,,,,,,,,,,,,210.0,,0.0
75,Tommy Cocha,Cocha,,,,,,,,,,,,,,,,,,,,,,,,,,0.0,,,,,,,,,,,,,,,,,,,,,,,,,,,,,,,
76,Eric Cole,Cole,,,,,,,,,,,,,,,,,,,,,,,,,,,,,,,,,,,,,,,,,,,,,,,,81.0,,,,,,,,,
77,Tyler Collet,Collet,,,,,,,,,,,,,,,,,,,,,,,,,,,,,,,,,,,,,,,,,,,0.0,,,,,,,,,,,,152.0,0.0,
78,Erik Compton,Compton,,,,,,,,,,,,,,,,,,,,,,,,,,,,,,,,,,,,,,,,,,,,,,,0.0,,,,,,,,162.0,,79.0
79,Corey Conners,Conners,41.0,89.0,,,65.0,,0.0,,31.0,0.0,0.0,73.0,73.0,0.0,,43.0,72.0,,0.0,0.0,66.0,54.0,,,0.0,0.0,76.0,,22.0,91.0,,66.0,85.0,86.0,77.0,,,,75.0,85.0,,0.0,,,97.0,95.0,,,89.0,90.0,96.0,84.0,70.0,,17.0,87.0,79.0
80,Parker Coody,Coody,,,,,,,,,,,,,,,,,,,,,,,,,,,,0.0,,,,,,,,,,,,,,,,,,,,,,,,,,,,,
81,Pierceson Coody,Coody,,,,,,,,,,,,,,,,,,,,,,,,,,,,,,,,,,,,,,,,,,,,,,,,,,,,,,0.0,,,
82,Austin Cook,Cook,,,0.0,0.0,0.0,0.0,,61.0,,57.0,,,0.0,22.0,46.0,43.0,,19.0,,5.0,,,,30.0,,,0.0,100.0,,,,66.0,,0.0,13.0,,64.0,56.0,,0.0,0.0,0.0,,,0.0,0.0,0.0,,0.0,,0.0,0.0,0.0,54.0,189.0,,0.0
83,Ben Cook,Cook,,,,,,,,,,,,,,,,,,,0.0,,,,,,,0.0,,,,,,,,,,,,,,,,,,,,,,,,,,,,,43.0,70.0,
84,Anthony Cordes,Cordes,,,,,,,,,,,,,,,,,,,,,,,,,,,,,,,,,,0.0,,,,,,,,,,,,,,,,,,,,,,,
85,Cledy Cordoba,Cordoba,,,,,,,,,,,,,,,,,,,,,,,,,,,,,,,,,,,,,,,,,,,,,,,,0.0,,,,,,,,,
86,Franklin Corpening,Corpening,,,,,,,,,,,,0.0,,,,,,,,,,,,,,,,,,,,,,,,,,,,,,,,,,,,,,,,,,,,,
87,Chris Couch,Couch,,,,,,,,67.0,,,,,,,,,,,,,,,,,,,,,,,,,,,,,,,,,,,0.0,,,,,,,,,,,,,,
88,Fred Couples,Couples,,,,,,,,,,,,,,,,,,,,,,,,,,,,,,,,,0.0,,,,,,,,,,,,,,,,,0.0,,,,,,,
89,Vince Covello,Covello,,0.0,0.0,0.0,,,,,,,,,,,,,,,,0.0,,,,,,,,,,,,,,,,,,,,,,,,,,,,,,,,,,,,,
90,Patrick Cover,Cover,,,,,,,,,,,,,,,,,,,,,,,,,,,,,,,,,,,,,,,,,,,,,,,,,,,,,0.0,,,,
91,Ben Crane,Crane,,,0.0,,,,,,,,,,,,,,,,,,,,,,,,,,,,,,,,,,,,,,,,,,,,,,,,,,,,,,
92,Aaron Crawford,Crawford,,,,,,,,,,,,,,,,,,0.0,,,,,,,,,,,,,,,,,,,,,,,,,,,,,,,,,,,,,,,
93,Brandon Crick,Crick,,,,,,,,,,,,,,,,,,,,,,,,,,,,,,,,,,0.0,,,,,,,,,,,,,,,,,,,,,,,
94,MJ Daffue,Daffue,,,,,,,,54.0,,,,,,,,69.0,,,,,,,,3.0,,,83.0,0.0,,,,,,,,,0.0,,,,,,,,,,,0.0,,,,,,0.0,,,
95,Joel Dahmen,Dahmen,,89.0,,62.0,0.0,90.0,94.0,,,,94.0,73.0,37.0,72.0,,0.0,1.0,,89.0,,0.0,72.0,,30.0,0.0,,,14.0,52.0,91.0,,,,25.0,73.0,,,0.0,0.0,0.0,61.0,0.0,,,0.0,0.0,,99.0,48.0,,,,86.0,,54.0,63.0,0.0
96,John Daly,Daly,,,,,,,,,,,,,,,,,,,,,,,,,,,,,,,,,,,,,,,,,0.0,,,,,,,,,,,,,,153.0,0.0,
97,Cameron Davis,Davis,,93.0,79.0,74.0,,72.0,,74.0,,94.0,,0.0,,0.0,0.0,0.0,,84.0,,82.0,60.0,,,52.0,,,92.0,23.0,,,,1.0,,0.0,,,78.0,97.0,78.0,,91.0,61.0,,,0.0,0.0,76.0,,51.0,,79.0,0.0,80.0,,59.0,60.0,61.0
98,Brian Davis,Davis,,,,,,,,0.0,,,,,,,,,,,,,,,,,,0.0,,,,,,,,,,,,,,,,,,,,,,,,,,,,,,,
99,Jason Day,Day,,,,88.0,,97.0,0.0,,,,0.0,0.0,0.0,34.0,0.0,91.0,96.0,,96.0,,0.0,9.0,,,39.0,,,0.0,0.0,23.0,,91.0,0.0,83.0,,,,,0.0,0.0,94.0,,,73.0,73.0,75.0,,,,0.0,,,0.0,0.0,44.0,70.0,
100,Glen Day,Day,,,,,,,,,,,,,0.0,,,,,,,,,,,,,,,,,,,,,,,,,,,,,,,,,,,,,,,,,,,,
101,Scott de Borba,de Borba,,,,,,0.0,,,,,,,,,,,,,,,,,,,,,,,,,,,,,,,,,,,,,,,,,,,,,,,,,,,
102,Brendon de Jonge,de Jonge,,,,,,,,45.0,,,,,,,,,,0.0,,,,,,,,0.0,,,,,,,,,,,,,,,,,0.0,,,,,0.0,,,,,,,,,
103,Bryson DeChambeau,DeChambeau,,,,,60.0,,94.0,,97.0,,96.0,97.0,91.0,93.0,100.0,,0.0,,96.0,,0.0,29.0,20.0,,100.0,,,89.0,,,,,45.0,,,82.0,,,,,,0.0,,66.0,99.0,98.0,,,,47.0,,,94.0,63.0,37.0,74.0,
104,Graham DeLaet,DeLaet,,0.0,,,,,,,,,,,,,,,,,,,,,,0.0,,0.0,,0.0,,,0.0,0.0,,,,,,,,,,,,,,,,,,,,,,,,,
105,Thomas Detry,Detry,,,,,,,,,,,,,,,,,,,,,,,,,21.0,57.0,,,,,,,,,,,,,,,,,,59.0,,,,89.0,,,,,,,95.0,0.0,
106,Roberto Díaz,Díaz,,,,,,,,,,,,,,,,,,,,,,,,,,3.0,,,,,,,,,0.0,,,,,,,,,,,,,,,,,,,,,,
107,Justin Doeden,Doeden,,,,,,,,0.0,,,,,,,,,,,,,,,,,,,,,,,,,,,,,,,,,,,,,,,,,,,,,,,,,
108,Luke Donald,Donald,,,,,0.0,63.0,,,,90.0,,,0.0,1.0,26.0,0.0,,0.0,,0.0,,,,0.0,,,0.0,2.0,,,43.0,0.0,,0.0,0.0,,,0.0,,0.0,0.0,,,,,,0.0,0.0,0.0,,0.0,65.0,0.0,91.0,,,
109,Jared du Toit,du Toit,,,,,,,,,,,,,,,,,,,,,,,,,,,,,,,,,,,,,,,0.0,,,,,,,,,,,,,,,,,,
110,Jason Dufner,Dufner,,0.0,63.0,74.0,,60.0,46.0,,,79.0,,1.0,47.0,,0.0,18.0,42.0,54.0,0.0,61.0,,,,62.0,,,0.0,0.0,,,16.0,0.0,,0.0,28.0,,,0.0,50.0,0.0,82.0,,,,68.0,0.0,62.0,,0.0,,0.0,63.0,70.0,,102.0,0.0,46.0
111,Eric Dugas,Dugas,,0.0,,,,,,,,,,,,,,,,,,,,,,,,,,,,,1.0,,,,,,0.0,,,,,,,,,,,,,,,,,,,,
112,Tyler Duncan,Duncan,41.0,0.0,58.0,,0.0,0.0,46.0,,,0.0,0.0,45.0,64.0,54.0,26.0,,9.0,,0.0,84.0,60.0,32.0,,0.0,46.0,,,0.0,65.0,65.0,,0.0,0.0,0.0,69.0,,,23.0,0.0,0.0,0.0,67.0,,,52.0,0.0,0.0,62.0,66.0,,0.0,72.0,0.0,0.0,,,
113,David Duval,Duval,,,,,,0.0,,,,,,,,,,,,,,,,,,,,,,,,,,,,,,,,,,,0.0,,,,,,,,,,,,,,,,
114,Austin Eckroat,Eckroat,,,,,,,,,,,,,,,,,,,,,,,,,,,,,,,,,,,,,,,,,,,,,,,,,0.0,,,,,,,,
115,Ernie Els,Els,,,,,,,,,,,,,37.0,,,,0.0,,,,,,,,,,,,,,,,,,,,,,,,,,,,,,,,,,,,,,,,
116,Harris English,English,,,67.0,54.0,85.0,,,,,87.0,88.0,0.0,79.0,,,,84.0,75.0,77.0,71.0,99.0,43.0,60.0,,95.0,,,0.0,88.0,65.0,,,,92.0,94.0,97.0,75.0,,0.0,0.0,,,,9.0,77.0,,,,,74.0,0.0,,70.0,91.0,63.0,57.0,
117,Derek Ernst,Ernst,,,,,,,,54.0,,,,,,,,,,0.0,,,,,,,,,,,,,0.0,,,,,,,,,,,,0.0,,,,,,,,,,,,,,
118,Julián Etulain,Etulain,,,,,,,,81.0,,,,,,,,,,,,,,,,,,,,,,,,,,,,,,,,,,,,,,,,,,,,,,,,,
119,Matt Every,Every,,0.0,52.0,,0.0,78.0,0.0,,,0.0,0.0,,0.0,0.0,0.0,0.0,,1.0,,25.0,,,,0.0,,0.0,0.0,,,,0.0,,,0.0,0.0,,0.0,0.0,0.0,,0.0,,0.0,,0.0,,,0.0,,,,,,0.0,,,
120,Sam Fidone,Fidone,,,,,,,,,,,,,,,,,,,,,,,,,,,,,,,,0.0,,,,,,,,,,,,,,,,,66.0,,,,,,,,
121,Edward Figueroa,Figueroa,,,,,,,,0.0,,,,,,,,,,,,,,,,,,,,,,,,,,,,,,,,,,,54.0,,,,,,,,,,,,,,
122,Tony Finau,Finau,,,90.0,95.0,99.0,,56.0,,,,0.0,67.0,57.0,0.0,26.0,,91.0,97.0,96.0,,0.0,94.0,57.0,,89.0,,,,,87.0,,66.0,38.0,,90.0,23.0,,96.0,97.0,,,99.0,,81.0,,0.0,,,0.0,88.0,,,0.0,,8.0,92.0,79.0
123,Zack Fischer,Fischer,,,,,,,,,,,,,,,,,,,,,,,,,,,0.0,,,,,,,,,,,,,,,,,,,,,,,,,,,,,,
124,Matthew Fitzpatrick,Fitzpatrick,,,,,,61.0,72.0,,46.0,,88.0,54.0,83.0,0.0,,61.0,97.0,,0.0,,0.0,93.0,,,0.0,,,,86.0,68.0,,,25.0,0.0,,,,,,,,95.0,,84.0,89.0,92.0,,,,60.0,96.0,,,0.0,,,
125,Angus Flanagan,Flanagan,,,,,,,,,,,,,,,,,,0.0,,,,,,,,,,,,,,,,,,,,,,,,0.0,,,,,,,,,,,,,,,
126,Patrick Flavin,Flavin,,,,,0.0,,,,,,,,,,,,,,,,,,,,,,,,,,,,,,,,,,,,,,,,,,,,,,,,,,,,
127,Tommy Fleetwood,Fleetwood,,,,,,,,,73.0,98.0,0.0,,,,,,,0.0,65.0,25.0,39.0,,,,0.0,,,,25.0,27.0,,,70.0,45.0,,,,,,,,,,37.0,89.0,0.0,,,,47.0,0.0,,90.0,,96.0,0.0,
128,Rickie Fowler,Fowler,85.0,,92.0,0.0,71.0,,,,,0.0,75.0,0.0,0.0,,84.0,69.0,0.0,,0.0,,31.0,,,,21.0,,,0.0,65.0,27.0,,,53.0,,0.0,,,72.0,64.0,0.0,0.0,81.0,,,41.0,0.0,54.0,,86.0,,,,0.0,0.0,9.0,92.0,
129,Ryan Fox,Fox,,,,,,,,,55.0,,,,,,,,,,,,,,,,0.0,,,,,,,,,,,,,,,,,,,,,,,,,,,,,,,,
130,Carlos Franco,Franco,,,,,,,,0.0,,,,,,,,,,,,,,,,,,0.0,,,,,,,,,,,,,,,,,0.0,,,,,,,,,,,,,,
131,Dylan Frittelli,Frittelli,10.0,0.0,,52.0,51.0,,0.0,,,59.0,75.0,0.0,91.0,0.0,,0.0,72.0,75.0,59.0,75.0,0.0,54.0,,,,,0.0,50.0,12.0,87.0,,0.0,93.0,0.0,,,,,64.0,0.0,,0.0,,,0.0,84.0,0.0,,,0.0,58.0,,,,103.0,0.0,0.0
132,David Frost,Frost,,,,,,,,,,,,0.0,,,,,,,,,,,,,,,,,,,,,,,,,,,,,,,,,,,,,,,,,,,,,
133,Fred Funk,Funk,,,,,,,,,,,,,,,,,,,,,,,,,,,,,,,15.0,,,,,,,,,,,,,,,,,,,,,,,,,,
134,Taylor Funk,Funk,,,,,,,,,,,,,,,,,,,,,,,,,,,,,,,0.0,,,,,,,,,,,,,,,,,,,,,,,,,,
135,Jim Furyk,Furyk,,,,,,0.0,0.0,,,0.0,,28.0,0.0,22.0,,0.0,36.0,,0.0,0.0,,,,38.0,,,,,,,,,,,,,64.0,,,,85.0,76.0,,,,,0.0,,0.0,,0.0,,,,,,
136,Tommy Gainey,Gainey,,,,,,,,,,,,,,,,,,3.0,,,,,,,,3.0,,,,,0.0,,,,,,,,,,,,47.0,,,,,,,,,,,,,,
137,Abel Gallegos,Gallegos,,,,,,,,,,,,,,,,,,,,,,,,,,,,,,,,,0.0,,,,,,,,,,,,,,,,,,,,,,,,
138,Robert Gamez,Gamez,,,,,,,,,,,0.0,,,,,,,,,,,,,,,,,,,,,,,,,,,,,,,,,,0.0,,,,,,,,,,,,
139,Joey Garber,Garber,,,,,,,,,,,,,,,,,,,,,,,,,,,,,,,,,,0.0,,,,,,,,,,,,,,,,,,,,,,,
140,Sergio Garcia,Garcia,,,,,,,67.0,,46.0,,,0.0,95.0,54.0,,,58.0,,0.0,16.0,,,,0.0,0.0,,100.0,36.0,74.0,,,0.0,,,,73.0,64.0,,,,,0.0,,54.0,,92.0,,,,0.0,0.0,,,0.0,81.0,0.0,79.0
141,Brice Garnett,Garnett,,0.0,0.0,,60.0,0.0,,81.0,,90.0,,0.0,79.0,0.0,,0.0,,63.0,,0.0,0.0,,,10.0,,19.0,0.0,24.0,,,71.0,28.0,,0.0,56.0,,75.0,0.0,,0.0,0.0,,96.0,,,0.0,81.0,92.0,0.0,,60.0,,0.0,67.0,172.0,,53.0
142,Robert Garrigus,Garrigus,,,,,,0.0,,0.0,,,,,,,,,,24.0,,,,,,,,0.0,,,,,0.0,,,,,,,,,,,,0.0,,,,,0.0,,,,,,,,,
143,Brian Gay,Gay,,0.0,0.0,,0.0,72.0,0.0,,,0.0,12.0,0.0,0.0,0.0,0.0,61.0,,0.0,,0.0,0.0,,,0.0,,,,0.0,,,100.0,,,,,30.0,50.0,0.0,,0.0,77.0,50.0,,,0.0,0.0,66.0,,0.0,0.0,0.0,0.0,,,80.0,48.0,0.0
144,Michael Gellerman,Gellerman,,71.0,0.0,0.0,,0.0,,51.0,,,,,,,37.0,,,34.0,,0.0,,,,0.0,,0.0,,,,,0.0,,,,4.0,,0.0,0.0,0.0,,0.0,,54.0,,,,,0.0,,,,,,58.0,,,
145,Domenico Geminiani,Geminiani,,,,,,,,0.0,,,,,,,,,,,,,,,,,,,,,,,,,,,,,,,,,,,,,,,,,,,,,,,,,
146,Doug Ghim,Ghim,,0.0,0.0,0.0,,0.0,,81.0,,0.0,,0.0,,,0.0,,,75.0,,0.0,,,,82.0,,0.0,67.0,,,,81.0,,,74.0,37.0,,0.0,94.0,75.0,,85.0,0.0,,,68.0,79.0,0.0,,66.0,,73.0,0.0,,0.0,159.0,,86.0
147,Judd Gibb,Gibb,,,,,,,,,,,,,,,,,,,0.0,,,,,,,,,,,,,,,,,,,,,,,,,,,,,,,,,,,,,,
148,Rhein Gibson,Gibson,,59.0,0.0,55.0,,0.0,,74.0,,,,,,,37.0,,,0.0,,0.0,,,,1.0,,73.0,,,,,0.0,,,0.0,0.0,,0.0,45.0,64.0,,0.0,,0.0,,,,0.0,51.0,0.0,,,0.0,,0.0,,,
149,Thomas Gibson,Gibson,,,,,,,,,,,,,,,,,,,,,,,,,,,,,,,,,,,,,,,,,,,,,,,,,,,0.0,,,,,,
150,Derek Gillespie,Gillespie,,,,,,,,0.0,,,,,,,,,,,,,,,,,,,,,,,,,,,,,,,,,,,,,,,,,,,,,,,,,
151,Parker Gilliam,Gilliam,,,,,,,,0.0,,,,,,,,,,,,,,,,,,,,,,,,,,,,,,,,,,,,,,,,,,,,,,,,,
152,Michael Gligic,Gligic,,0.0,84.0,0.0,,63.0,,0.0,,0.0,,,0.0,,0.0,,,63.0,,25.0,,,,82.0,,0.0,45.0,61.0,,,85.0,,,0.0,0.0,,0.0,0.0,0.0,,0.0,,51.0,,,,0.0,96.0,0.0,,0.0,78.0,60.0,67.0,208.0,,0.0
153,Lucas Glover,Glover,,,0.0,67.0,,66.0,,,14.0,0.0,0.0,67.0,73.0,72.0,71.0,,50.0,0.0,0.0,0.0,0.0,,,12.0,74.0,,0.0,,,,,0.0,0.0,66.0,94.0,,,0.0,71.0,54.0,,0.0,67.0,,46.0,67.0,85.0,,97.0,,73.0,67.0,0.0,,157.0,,91.0
154,Matt Gogel,Gogel,,,,,,,,,,,,,,,,,,,,,,,,,,,,,,,,,,,,,,,,,0.0,,,,,,,,,,,,,,,,
155,Fabián Gómez,Gómez,,0.0,63.0,0.0,,0.0,,54.0,,55.0,,,,0.0,59.0,0.0,,0.0,,0.0,,,,0.0,,46.0,0.0,0.0,,,0.0,54.0,,0.0,0.0,,0.0,0.0,0.0,,0.0,,86.0,,,,,55.0,,,,,,0.0,,,
156,Andres Gonzales,Gonzales,,,,,,,,,,,,,,,,,,,,,,,,,,,,,,,,,,,,,0.0,,0.0,,,,,,,,,,,,,,,,,,
157,Talor Gooch,Gooch,,56.0,88.0,74.0,53.0,,91.0,,,72.0,83.0,37.0,0.0,0.0,0.0,76.0,0.0,75.0,0.0,69.0,76.0,7.0,,0.0,,,45.0,0.0,95.0,56.0,,96.0,,0.0,,,0.0,72.0,68.0,0.0,,89.0,,,63.0,96.0,66.0,,,,,0.0,80.0,73.0,45.0,70.0,86.0
158,Retief Goosen,Goosen,,,,,,,,,,,,,,,,,,,,,,,,,,,,,,,,,,,,,,,,,,,,,,,,55.0,,,,,,,,,
159,William Gordon,Gordon,,0.0,,84.0,,,,81.0,,,,,,97.0,0.0,,,0.0,,66.0,,,,,,,,,,,,,,,,,,,71.0,0.0,85.0,,79.0,,57.0,,,71.0,46.0,,0.0,,0.0,0.0,209.0,,0.0
160,Will Gordon,Gordon,,,,,,,,,,,,,,,,,,,,,,,,18.0,,0.0,21.0,0.0,,,51.0,46.0,,0.0,0.0,,0.0,11.0,,,,,,,,,72.0,,,,,,,,,,
161,Paul Goydos,Goydos,,,,,,,,,,,,,,,,,,,,,,,,,,,,,,,,,,,,,,,,,,,,,0.0,,,,,,,,,,,,
162,Luke Graboyes,Graboyes,,,,,,,,,,,,,,,,,,,,,,,,,,0.0,,,,,,,,,,,,,,,,,,,,,,,,,,,,,,,
163,Branden Grace,Grace,,,,,91.0,0.0,0.0,,38.0,,,73.0,20.0,0.0,0.0,,0.0,0.0,,0.0,,,,62.0,0.0,0.0,0.0,,,,43.0,0.0,,55.0,45.0,,0.0,,,,77.0,81.0,99.0,,77.0,0.0,,,82.0,,67.0,65.0,,,38.0,74.0,0.0
164,Lanto Griffin,Griffin,63.0,95.0,,0.0,0.0,94.0,67.0,,55.0,,49.0,0.0,0.0,66.0,71.0,0.0,42.0,,77.0,,19.0,87.0,47.0,,31.0,,,0.0,92.0,87.0,,16.0,0.0,,,66.0,70.0,0.0,95.0,,,76.0,,66.0,81.0,75.0,,,73.0,0.0,,0.0,80.0,,104.0,0.0,
165,Emiliano Grillo,Grillo,,83.0,,0.0,0.0,,0.0,97.0,,0.0,0.0,0.0,0.0,13.0,46.0,0.0,0.0,97.0,18.0,,39.0,,,62.0,,73.0,48.0,50.0,,,51.0,0.0,,74.0,90.0,,64.0,49.0,0.0,81.0,,0.0,91.0,,81.0,0.0,,95.0,,,98.0,0.0,90.0,,39.0,74.0,91.0
166,Patrick Grimes,Grimes,,,,,,,,,,,,,,,,,,,,,,,,,,,,,,,,,,,,,,,,,,,,,,,,,0.0,,,,,,,,
167,Juan Jose Guerra,Guerra,,,,,,,,,,,,,,,,,,,,,,,,,,0.0,,,,,,,,,,,,,,,,,,,,,,0.0,,,,,,,,,
168,Jordan Gumberg,Gumberg,,,,,,,,,,,,,,,,,,,,,,,,,,,,,,,0.0,,,,,,,,,,,,,,,,,,,,,,,,,,
169,Bill Haas,Haas,,,0.0,52.0,,0.0,,74.0,,,,0.0,37.0,,0.0,,,16.0,,0.0,,,,0.0,,0.0,48.0,,,,0.0,,,,,,0.0,0.0,71.0,,0.0,,76.0,,,,,0.0,,,0.0,,0.0,0.0,,,
170,Chesson Hadley,Hadley,,0.0,79.0,0.0,55.0,86.0,,0.0,,0.0,,67.0,24.0,,0.0,24.0,,0.0,,35.0,,,,82.0,18.0,,0.0,0.0,,,78.0,,,66.0,0.0,,,0.0,0.0,,0.0,,,,,,0.0,89.0,82.0,,0.0,0.0,0.0,0.0,,,
171,Adam Hadwin,Hadwin,,,,,68.0,0.0,77.0,,,,,37.0,47.0,,96.0,49.0,28.0,,28.0,,0.0,43.0,,,13.0,,,50.0,65.0,19.0,,,0.0,0.0,0.0,,,56.0,85.0,61.0,,76.0,,,0.0,79.0,93.0,,82.0,,0.0,0.0,0.0,,64.0,57.0,91.0
172,Brandon Hagy,Hagy,,0.0,67.0,0.0,85.0,0.0,,45.0,,84.0,,,,,46.0,,,34.0,,0.0,,,,10.0,,0.0,0.0,,,,0.0,,,0.0,45.0,,0.0,72.0,71.0,,0.0,,0.0,,,,98.0,0.0,86.0,,0.0,61.0,80.0,,133.0,0.0,0.0
173,James Hahn,Hahn,,0.0,0.0,,78.0,0.0,88.0,,,,,,,0.0,0.0,0.0,,,,,,,,89.0,,93.0,,94.0,,,,28.0,,0.0,,,70.0,56.0,0.0,92.0,0.0,86.0,,,,71.0,0.0,,,,,0.0,0.0,0.0,194.0,,0.0
174,Jordan Hahn,Hahn,,,,,,,,,,,,,,,,,,,,,,,,,,,,,,,,,,,,,,,,,,,,,,,,,,,,0.0,,,,,
175,Harry Hall,Hall,,,,0.0,,,,,,,,,,,,,,,,,,,,,,,,,,,,,,,,,,35.0,,,,,,,,,,,,,,,,,,,
176,Gavin Hall,Hall,,,,,,,,,,,,,,,,,,,,,,,,,,0.0,,,,,,,,,,,,,,,,,,,,,,,,,,,,,,,
177,Kevin Hall,Hall,,,,,,,,,,,,,,,,,,,,,,,,,,,,,,,,,,,,,,,,,0.0,,,,,,,,,,,,,,,,
178,Jeongwoo Ham,Ham,,,,,,,,,,,,,,,,,,,,,,,,,,,,,9.0,,,,,,,,,,,,,,,,,,,,,,,,,,,,
179,Cole Hammer,Hammer,,,,,,,,,,,,,,,,,,,,,,,,,0.0,,,,,,,,,,,,,,,,,,,,,,,,,,,,,0.0,,,
180,Justin Harding,Harding,,,,,,,,,55.0,,,,,,,,,,,,,,,,0.0,,,,,,,46.0,0.0,,,,,,,,,,,,,,,,,,,,,,,,
181,Nick Hardy,Hardy,,,,,,,,,,,,,,,,,,,,,,,,,,,,,,,,,,,,,89.0,,,65.0,,,,,,,,,,,,,,,,,
182,Brian Harman,Harman,,76.0,84.0,,62.0,,60.0,,,65.0,0.0,67.0,64.0,0.0,0.0,,0.0,41.0,28.0,66.0,86.0,84.0,,,39.0,,45.0,82.0,65.0,68.0,,66.0,,0.0,59.0,,59.0,90.0,,71.0,73.0,61.0,,,,98.0,,,,84.0,89.0,,86.0,,82.0,0.0,91.0
183,Padraig Harrington,Harrington,,,,,,0.0,,,,0.0,0.0,,,,,,,,,,,,,,,,,,,,63.0,54.0,,,,,,,,0.0,,0.0,54.0,,73.0,,0.0,55.0,51.0,,,,,0.0,4.0,96.0,
184,Scott Harrington,Harrington,,59.0,0.0,0.0,0.0,0.0,,,,0.0,33.0,0.0,,0.0,46.0,0.0,47.0,0.0,,0.0,9.0,,,52.0,,82.0,0.0,0.0,,,0.0,4.0,,0.0,0.0,,,0.0,0.0,0.0,58.0,76.0,,,,59.0,62.0,51.0,0.0,,67.0,0.0,0.0,0.0,,,
185,Jeff Hart,Hart,,,,,,,,,,,,,,,,,,,0.0,,,,,,,,,,,,,,,,,,,,,,,,,,,,,,,,,,,,,,
186,Tyrrell Hatton,Hatton,,,,,,,,,90.0,,100.0,,97.0,,96.0,,,,0.0,,66.0,78.0,87.0,,0.0,,,,97.0,65.0,,91.0,0.0,66.0,,,,,,,,,,66.0,81.0,0.0,,,,78.0,70.0,,,,40.0,74.0,
187,David Hearn,Hearn,,0.0,75.0,,,0.0,,0.0,,0.0,,,0.0,0.0,0.0,0.0,,0.0,,0.0,,,,82.0,,57.0,0.0,,,,90.0,0.0,,0.0,,,0.0,11.0,0.0,,0.0,,0.0,,,,0.0,89.0,0.0,,,0.0,0.0,0.0,,,
188,Benjamin Hebert,Hebert,,,,,,,,,73.0,,,,,,,,,,0.0,,,,,,,,,,,,,,,,,,,,,,,,,,,,,,,,,,,,,,
189,Michael Hebert,Hebert,,,,,,,,,,,,,,,,,,,,,,,,,,,,,,,,,,0.0,,,,,,,,,,,,,,,,,,,,,,,
190,Scott Hend,Hend,,,,,,,,,10.0,,,,,,,,,,,,,,,,0.0,,,,,,,,,,,,,,,,,,,,,,,,,,,,,,,,
191,Russell Henley,Henley,,0.0,0.0,,0.0,,84.0,,,94.0,,,0.0,54.0,,91.0,,0.0,54.0,90.0,90.0,65.0,,,,,,61.0,97.0,96.0,,59.0,,55.0,0.0,,92.0,0.0,,75.0,,67.0,,,,0.0,96.0,,,,92.0,0.0,52.0,,70.0,53.0,
192,J.J. Henry,Henry,,,,,,0.0,,48.0,,,,0.0,,0.0,,,,,,,,,,,,14.0,,,,,,,,,,,,,,,,,0.0,,,,,0.0,,,,,,0.0,186.0,,39.0
193,Mark Hensby,Hensby,,,,,,,,,,,,,,,,,,,,,,,,,,,,,,,,,,,,,,,,,,,0.0,,,,,,,,,,,,,,
194,Lucas Herbert,Herbert,,,,,,,,,18.0,,,,,,,,,,0.0,,,,,,51.0,,,,,,,,,,,,,,,,,,,3.0,,,66.0,0.0,,,,,0.0,,71.0,53.0,
195,Jim Herman,Herman,20.0,0.0,,0.0,,63.0,0.0,,,0.0,0.0,0.0,57.0,,,0.0,0.0,,4.0,100.0,0.0,43.0,,,0.0,,0.0,,17.0,36.0,,,,55.0,,,75.0,0.0,,,0.0,0.0,,,0.0,0.0,62.0,,,40.0,0.0,0.0,,,110.0,0.0,
196,Tim Herron,Herron,,,,,,0.0,,,,,,,,,,,,0.0,,,,,,,,,,,,,,,,,,,,,,,,,,,0.0,,,,,,,,,,,,
197,Kramer Hickok,Hickok,,66.0,0.0,0.0,,0.0,,0.0,,84.0,,0.0,,,0.0,,,16.0,,35.0,,,,0.0,,73.0,0.0,,,,90.0,16.0,,,,,85.0,72.0,0.0,,0.0,,0.0,,0.0,62.0,,,0.0,,,63.0,66.0,0.0,160.0,,86.0
198,Kazuki Higa,Higa,,0.0,,,,,,,,,,,,,,,,,,,,,,,,,,,,,,,,,,,,,,,,,,,,,,,,,,,,,,,
199,Harry Higgs,Higgs,,59.0,0.0,92.0,78.0,86.0,,,,59.0,41.0,45.0,32.0,0.0,1.0,0.0,0.0,0.0,,0.0,86.0,20.0,,99.0,,,,0.0,74.0,31.0,,,,0.0,0.0,,75.0,,57.0,0.0,0.0,0.0,,,,79.0,85.0,,0.0,,55.0,,0.0,0.0,5.0,96.0,0.0
200,Bo Hoag,Hoag,,93.0,0.0,0.0,,0.0,,67.0,,0.0,,,,0.0,0.0,0.0,18.0,84.0,,47.0,0.0,,,62.0,,0.0,0.0,0.0,,,0.0,0.0,,55.0,69.0,,0.0,79.0,85.0,71.0,0.0,71.0,,,77.0,0.0,0.0,,0.0,,0.0,0.0,0.0,58.0,,,
201,Craig Hocknull,Hocknull,,,,,,,,,,,,,,,,,,,,,,,,,,,,0.0,,,,,,,,,,,,,,,,,,,,,,,,,,,,,
202,Lee Hodges,Hodges,,,,,,,,,,,,,,,,,,,,,,,,,0.0,,,,,,,,,,,,,,,,,,90.0,,,,,51.0,,,,,,,,,
203,Richard Hoey,Hoey,,0.0,,,,,,,,,,,,,,,,,,,,,,,,,,,,,,,,,,,,,,,,,,,,,,,,,,,,,,,
204,Charley Hoffman,Hoffman,,0.0,60.0,92.0,68.0,0.0,0.0,,,,83.0,0.0,0.0,41.0,,91.0,,0.0,,0.0,83.0,,,25.0,,82.0,92.0,0.0,,,0.0,59.0,,66.0,37.0,,89.0,0.0,0.0,0.0,94.0,55.0,,,89.0,88.0,,71.0,98.0,,84.0,88.0,,,18.0,87.0,96.0
205,Kyle Hogan,Hogan,,,,,,,,,,,,,,,,,,,,,,,,,,,,,,,,0.0,,,,,,,,,,,,,,,,,,,,,,,,,
206,Tom Hoge,Hoge,,89.0,95.0,97.0,78.0,61.0,,,,0.0,80.0,0.0,0.0,47.0,0.0,0.0,0.0,34.0,28.0,66.0,0.0,7.0,,62.0,,,59.0,65.0,52.0,40.0,,0.0,,0.0,97.0,,0.0,0.0,0.0,0.0,92.0,55.0,,,0.0,84.0,0.0,,91.0,,79.0,0.0,0.0,0.0,66.0,57.0,0.0
207,Rasmus Hojgaard,Hojgaard,,,,,,,,,,,,,,,,,,,,,,,,,0.0,,,,,,47.0,,,,,,,,,,,,,7.0,,,,,,,,0.0,,,78.0,49.0,
208,J.B. Holmes,Holmes,13.0,,,88.0,85.0,90.0,56.0,,,,,,,,,0.0,,,,,,,,38.0,,,3.0,0.0,,,,,,,,,,,0.0,0.0,0.0,52.0,,,,,66.0,0.0,0.0,,,56.0,0.0,0.0,,,
209,Ian Holt,Holt,,,,,,,,,,,,,,,,,,,,,,,,,,,,,,,,,,,,,,,,,,,0.0,,,,,,,,,,,,,,
210,Max Homa,Homa,26.0,,67.0,92.0,95.0,90.0,94.0,,,,67.0,0.0,47.0,0.0,,0.0,0.0,97.0,0.0,,0.0,16.0,,,0.0,,,0.0,,,51.0,31.0,0.0,,85.0,,,72.0,85.0,65.0,94.0,99.0,,66.0,89.0,0.0,,,,0.0,,96.0,0.0,,118.0,0.0,
211,Tae Hoon Kim,Hoon Kim,,,,,,,,,,,,,,,,,,,,,,,,,,,,,,,,,,,,,,,,,,0.0,,,,,,,,,,,,,,,
212,Mikumu Horikawa,Horikawa,,55.0,,,,,,,,,,,,,,,,,,,,,,,,,,,,16.0,,,,,,,,,,,,,,,,,,,,,,,,,,,
213,Billy Horschel,Horschel,,,0.0,56.0,91.0,,,,87.0,69.0,49.0,45.0,0.0,0.0,,91.0,84.0,,47.0,99.0,0.0,54.0,3.0,,39.0,,,,65.0,12.0,,,38.0,,94.0,39.0,94.0,,0.0,59.0,,,,96.0,0.0,62.0,,,,43.0,79.0,,,,28.0,83.0,65.0
214,Sam Horsfield,Horsfield,,,,,,,,,,,,,,,,,,,,,,,,,,,,,,,,,,,,,,,,,,,,,,,,,,,,0.0,,,49.0,67.0,
215,Rikuya Hoshino,Hoshino,,66.0,,,,,,,,,,,,,,,,,,,,,,,,,,,,8.0,,,,,,,,,,,,,,,,,,,,,,,,,138.0,0.0,
216,Beau Hossler,Hossler,,,0.0,92.0,50.0,72.0,,67.0,,72.0,67.0,0.0,,0.0,0.0,0.0,,0.0,,0.0,31.0,,,70.0,,46.0,15.0,50.0,,,63.0,0.0,,0.0,0.0,,,0.0,0.0,0.0,69.0,,0.0,,,0.0,57.0,0.0,51.0,,0.0,72.0,50.0,0.0,,,
217,Viktor Hovland,Hovland,,,,,0.0,72.0,,99.0,,0.0,41.0,67.0,73.0,85.0,84.0,97.0,36.0,,59.0,,76.0,43.0,57.0,,80.0,,,,86.0,40.0,,79.0,,,100.0,23.0,,,97.0,,,95.0,,96.0,57.0,0.0,,,,74.0,,98.0,98.0,,31.0,78.0,
218,Charles Howell III,Howell III,,89.0,0.0,,,,50.0,,24.0,,0.0,28.0,0.0,,,0.0,36.0,97.0,,0.0,39.0,32.0,,,52.0,0.0,,50.0,,,,,25.0,55.0,69.0,,85.0,0.0,0.0,,,0.0,,,68.0,92.0,,77.0,0.0,,84.0,72.0,,63.0,,,
219,Mark Hubbard,Hubbard,,0.0,71.0,,91.0,0.0,,,,90.0,0.0,37.0,57.0,47.0,84.0,0.0,4.0,,37.0,82.0,60.0,28.0,,0.0,0.0,,0.0,0.0,79.0,48.0,,28.0,,0.0,18.0,,75.0,0.0,,75.0,64.0,0.0,,,63.0,0.0,66.0,,,,0.0,0.0,0.0,77.0,182.0,,42.0
220,Mackenzie Hughes,Hughes,,0.0,0.0,0.0,0.0,0.0,,,,98.0,,0.0,8.0,97.0,,30.0,93.0,,28.0,,83.0,87.0,80.0,,0.0,97.0,,,17.0,48.0,,91.0,,0.0,,2.0,85.0,,0.0,,,71.0,,37.0,,0.0,72.0,,,52.0,60.0,0.0,0.0,,83.0,0.0,0.0
221,John Huh,Huh,,,67.0,70.0,68.0,,,,,0.0,,,,,,,,,,,,,,,,,,73.0,,,,31.0,,83.0,73.0,,,72.0,57.0,0.0,,,,,48.0,,85.0,,51.0,,,0.0,0.0,0.0,,,
222,In-hoi Hur,Hur,,,,,,,,,,,,,,,,,,,,,,,,,,,,,,,,,,,,,0.0,,,,,,,,,,,,,,,,,,,,
223,Keenan Huskey,Huskey,,,,,,,,,,,,,,,,,,,,,,,,,,,,,,,,,,,,,,,,,,,,,,,,,,,,,0.0,,,,
224,Tomoyo Ikemura,Ikemura,,0.0,,,,,,,,,,,,,,,,,,,,,,,,,,,,,,,,,,,,,,,,,,,,,,,,,,,,,,,
225,Sungjae Im,Im,,83.0,92.0,74.0,73.0,,0.0,,55.0,99.0,97.0,87.0,0.0,16.0,26.0,7.0,0.0,,0.0,90.0,0.0,20.0,63.0,,66.0,,59.0,82.0,43.0,48.0,,28.0,98.0,0.0,,88.0,59.0,85.0,78.0,85.0,,,,59.0,81.0,88.0,93.0,,,0.0,89.0,78.0,0.0,,19.0,87.0,0.0
226,Shugo Imahira,Imahira,,0.0,,,,,,,14.0,,,,,,,,,,,,,,,,2.0,,,,,16.0,,,28.0,,,,,,,,,,,,,,,,,,,,,,,,
227,Yuki Inamori,Inamori,,,,,,,,,,,,,,,,,,,,,,,,,,,,,,,,,,,,,,,,,,,,31.0,,,,,,,,,,,,,
228,Ryo Ishikawa,Ishikawa,,,,,,,,,6.0,0.0,,,,,,,,,0.0,,,,,,18.0,,,,,19.0,,,,,,,0.0,,,,,,,,,,0.0,,,,,,,,,,
229,Isaiah Jackson,Jackson,,,,,,,,,,,,,,,,,,,,,,,,,,,0.0,,,,,,,,,,,,,,,,,,,,,,,,,,,,,,
230,Freddie Jacobson,Jacobson,,,,,,,,0.0,,,,,,,,,,,,,,,,,,,,,,,,,,,,,,,,,,,,,,,,,,,,,,,,,
231,Stephan Jaeger,Jaeger,,,,,,,,,,,,,,,,,,,,,,,,,46.0,,,,,,,,,,,,,,,,,,54.0,,,,,62.0,,,,,,,,,
232,Jazz Janewattananond,Janewattananond,,,,,,,,,24.0,,0.0,0.0,0.0,,,,0.0,,0.0,,,,,,0.0,,,,,23.0,,,17.0,,,,,,,,,,,,52.0,,,,,,,,,,134.0,0.0,
233,Marty Jertson,Jertson,,,,,0.0,,,,,,,,,,,,,,0.0,,,,,,0.0,,,,,,,,,,,,,,,,,,,,,,,,,,,,,,,,
234,Miguel Angel Jiménez,Jimenez,,,,,,,,,,,,,,,,,,,,,,,,,,,,,,,,,,,,,,,,,,,,,,,,0.0,,,,,,,,,
235,Dustin Johnson,Johnson,77.0,,,,,78.0,91.0,,33.0,,,0.0,79.0,100.0,,,0.0,0.0,99.0,,100.0,100.0,93.0,,92.0,,,,,,,99.0,100.0,,,73.0,,,,,,92.0,,22.0,,67.0,,,,0.0,89.0,67.0,,,84.0,0.0,
236,Zach Johnson,Johnson,,79.0,0.0,,0.0,,,,,53.0,55.0,37.0,0.0,85.0,,55.0,23.0,,0.0,92.0,31.0,,,,89.0,,67.0,73.0,,,,28.0,17.0,92.0,,,56.0,14.0,,65.0,,,,,57.0,71.0,93.0,,0.0,0.0,0.0,78.0,66.0,,105.0,0.0,71.0
237,Richard Johnson,Johnson,,,,,,,,,,,,,,,,,,,,,,,,,,,,,,,,,,,,,,,,,,,47.0,,,,,60.0,,,,,,,,,
238,Kamaiu Johnson,Johnson,,,,,,,,,,,,,,,,,,,,,,,,,,,,,,,,,,,,,,,,,0.0,,,,0.0,,0.0,,,,,,,,,,
239,Richard S. Johnson,Johnson,,,,,,,,,,,,,,,,,,,,,,,,,,0.0,,,,,,,,,,,,,,,,,,,,,,,,,,,,,,,
240,Matt Jones,Jones,,71.0,,52.0,0.0,96.0,0.0,,,65.0,33.0,45.0,32.0,0.0,0.0,81.0,,,0.0,53.0,3.0,,,,0.0,82.0,0.0,23.0,,,96.0,9.0,,34.0,,,92.0,72.0,68.0,75.0,77.0,92.0,,,0.0,63.0,99.0,,,67.0,,,74.0,,32.0,78.0,0.0
241,Steve Jones,Jones,,,,,,,,,,,,,,,,,,,,,,,,,,,,,,,,,,,,,,0.0,,,,,,,,,,,,,,,,,,,
242,Takumi Kanaya,Kanaya,,,,,,,,,,,,,,,,,,,,,,,,,0.0,,,,,48.0,,,,,,,0.0,,,,,,,,,,,,,,,,,,142.0,0.0,
243,Sung Kang,Kang,26.0,0.0,,88.0,60.0,0.0,97.0,,2.0,,88.0,0.0,0.0,34.0,,0.0,3.0,,1.0,0.0,0.0,,,,0.0,,0.0,36.0,4.0,,,0.0,53.0,0.0,49.0,,0.0,0.0,,0.0,59.0,44.0,,,0.0,0.0,0.0,,56.0,,51.0,0.0,0.0,67.0,176.0,,48.0
244,Michael Kartrude,Kartrude,,,,,,,,,,,,,,,,,,,,,,,,,,0.0,,,,,,,,,,,,,,,,,,,,,,,,,,,,,,,
245,Smylie Kaufman,Kaufman,,0.0,,,,0.0,,0.0,,,,,,,,,,,,,,,,,,,,,,,,,,,,,,,,,,,0.0,,,,,,,,,,,,,,
246,Evan Kawai,Kawai,,,,,,,,,,,,,,,,,,,,,,,,,,,,,,,,,,,,,0.0,,,,,,,,,,,,,,,,,,,,
247,Jonathan Kaye,Kaye,,,,,,,,,,,,,,,,,,,,,,,,,,,,,,,,,,,,,,,,,,,0.0,,,,,,,,,,,,,,
248,Martin Kaymer,Kaymer,,,,,,,,,,,,,,,,,,,0.0,,,,,,0.0,,,,,,,,,,,,,,,,,,,,,,0.0,,,,,,,,106.0,0.0,
249,Jerry Kelly,Kelly,,66.0,,,,,,,,,,,,,,69.0,,,,,,,,,,,,,,,,,,,,,49.0,,,0.0,,,,,,0.0,,,,,,,,,,,
250,Brad Kennedy,Kennedy,,,,,,,,,,,,,,,,,,,,,,,,,,,,,,48.0,,,,,,,,,,,,,,14.0,,,,,,,,,,,,,
251,J.J. Killeen,Killeen,,,,,,,,,,,,,,,,,,,,,,,,,,,,,,,,,,,,,,,,,,,,,,,,,0.0,,,,,,,,
252,Si Woo Kim,Kim,,,0.0,,0.0,0.0,67.0,,,0.0,0.0,0.0,0.0,85.0,20.0,6.0,77.0,34.0,85.0,97.0,46.0,,,41.0,0.0,,45.0,89.0,79.0,,,0.0,45.0,,,,81.0,100.0,0.0,61.0,0.0,0.0,,,0.0,92.0,,,82.0,84.0,73.0,,,63.0,97.0,0.0,0.0
253,Michael Kim,Kim,,,,,,,,,,,,,0.0,0.0,0.0,0.0,,0.0,,0.0,,,,0.0,,0.0,0.0,0.0,,,0.0,0.0,,0.0,0.0,,54.0,0.0,64.0,54.0,0.0,,44.0,,,,0.0,0.0,0.0,,0.0,0.0,0.0,57.0,,,
254,Joohyung Kim,Kim,,,,,,,,,,,,,,,,,,,0.0,,,,,10.0,,57.0,,,18.0,,,,,,,,,0.0,,,,,86.0,,,,,,,,,,,,,,
255,Chan Kim,Kim,,,,,,,,,,,,,,,,,,,0.0,,,,,,0.0,,,,,23.0,,,,,,,,,,,,,,51.0,,,,,,,,,,,22.0,83.0,
256,Hanbyeol Kim,Kim,,,,,,,,,,,,,,,,,,,,,,,,,,,,,39.0,,,,,,,,,,,,,,,,,,,,,,,,,,,,
257,Seonghyeon Kim,Kim,,,,,,,,,,,,,,,,,,,,,,,,,,,,,34.0,,,,,,,,,,,,,,,,,,,,,,,,,,,,
258,Marcus Kinhult,Kinhult,,,,,,,,,4.0,,,,,,,,,,0.0,,,,,,,,,,,,,,,,,,,,,,,,,,,,,,,,,,,,,,
259,Ryosuke Kinoshita,Kinoshita,,,,,,,,,,,,,,,,,,,,,,,,,,,,,,,,,,,,,52.0,,,,,,,,,,,,,,,,,,,,
260,Chris Kirk,Kirk,,0.0,,,0.0,0.0,,,,0.0,,12.0,,,71.0,0.0,,41.0,,35.0,,,,,,0.0,21.0,,,,,37.0,,74.0,37.0,,98.0,79.0,,0.0,88.0,,,,93.0,67.0,81.0,,95.0,,94.0,0.0,,,107.0,0.0,42.0
261,Kevin Kisner,Kisner,57.0,96.0,0.0,,,72.0,,,73.0,,0.0,58.0,0.0,0.0,97.0,,0.0,,77.0,97.0,96.0,65.0,30.0,,0.0,,,,43.0,83.0,,,0.0,100.0,,39.0,75.0,,,,,,,43.0,68.0,0.0,,,,0.0,0.0,0.0,,,119.0,0.0,65.0
262,Kurt Kitayama,Kitayama,,,,,,86.0,,,24.0,65.0,,,,,0.0,,,,37.0,,,,,,0.0,0.0,,,,,,,,,,,,,,,,,,,,,,,,,,,,,120.0,0.0,
263,Patton Kizzire,Kizzire,,0.0,0.0,0.0,53.0,,,,,53.0,,0.0,0.0,93.0,0.0,0.0,,34.0,,35.0,,,,0.0,,46.0,12.0,65.0,,,,85.0,,86.0,56.0,,94.0,27.0,,61.0,73.0,,,,52.0,75.0,0.0,,93.0,,0.0,61.0,60.0,97.0,155.0,,96.0
264,Jake Kneen,Kneen,,,,,,,,,,,,,,,,,,0.0,,,,,,,,,,,,,,,,,,,,,,,,,,,,,,,,,,,,,,,
265,Alex Knoll,Knoll,,,,,,,,,,,,,,,,,,,0.0,,,,,,,,,,,,,,,,,,,,,,,,,,,,,,,,,,,,,,
266,Colt Knost,Knost,,0.0,,,0.0,,,,,,,,,,,,,,,,,,,,,,,,,,,,,,,,,,,,,,,,,,,,,,,,,,,,
267,Jim Knous,Knous,,,,,,,,,,,,,,,,,,,,,,,,0.0,,,,,,,,,,,,,,,0.0,,0.0,,,,,,,,,,,,,,,,
268,Russell Knox,Knox,,76.0,75.0,84.0,85.0,0.0,0.0,,,0.0,0.0,0.0,0.0,0.0,0.0,0.0,,0.0,,8.0,,,,89.0,,,0.0,0.0,,,78.0,79.0,,0.0,69.0,,0.0,79.0,0.0,59.0,94.0,0.0,,,43.0,56.0,0.0,,0.0,,0.0,84.0,86.0,73.0,190.0,,0.0
269,Satoshi Kodaira,Kodaira,,54.0,,0.0,0.0,0.0,,0.0,,0.0,,,,,,,,,,,,,,,,,0.0,0.0,,56.0,,46.0,,0.0,45.0,,59.0,0.0,0.0,52.0,0.0,,62.0,,,,72.0,0.0,0.0,,0.0,0.0,92.0,91.0,,,
270,Brooks Koepka,Koepka,,,,,,,63.0,,,0.0,33.0,54.0,92.0,,,0.0,18.0,0.0,65.0,0.0,,,,,,,,,65.0,,,94.0,90.0,,0.0,,,0.0,0.0,99.0,,67.0,,96.0,,,,,,0.0,,,,0.0,1.0,98.0,
271,Chase Koepka,Koepka,,,,,,,,,,,,,,,,0.0,,63.0,,,,,,,,,,,,,,,,,,,,,,,,,,,,,78.0,,,,,58.0,,,,,
272,Jason Kokrak,Kokrak,,,0.0,84.0,0.0,,0.0,,29.0,,75.0,97.0,0.0,0.0,,0.0,0.0,,0.0,82.0,83.0,93.0,,,74.0,,,0.0,100.0,79.0,,,0.0,0.0,,16.0,59.0,,81.0,,,71.0,,87.0,93.0,92.0,,,,44.0,,90.0,,,50.0,67.0,99.0
273,Jinichiro Kozuma,Kozuma,,,,,,,,,,,,,,,,,,,,,,,,,,,,,,,,,,,,,0.0,,,,,,,,,,,,,,,,,,,,
274,Kelly Kraft,Kraft,,,,,,,,,,,,,,,,,,,,,,,,0.0,,82.0,32.0,,,,0.0,0.0,,,28.0,,,0.0,60.0,0.0,0.0,,,,,,0.0,0.0,66.0,,,0.0,0.0,0.0,,,
275,Matt Kuchar,Kuchar,57.0,0.0,,,85.0,72.0,97.0,,68.0,,,0.0,47.0,,,43.0,58.0,,0.0,,76.0,16.0,,,0.0,,,50.0,34.0,31.0,,,0.0,45.0,,,0.0,,,65.0,,0.0,,37.0,,0.0,,,91.0,0.0,84.0,,,88.0,121.0,0.0,57.0
276,Peter Kuest,Kuest,,,,,,,,,,,,,,0.0,0.0,,0.0,0.0,,,,,,0.0,,,,,,,,,,,,,,,,,,,,,,,,,,,,,,,,,
277,Rob Labritz,Labritz,,,,,,,,,,,,,,,,,,,0.0,,,,,,,,,,,,,,,,,,,,,,,,,,,,,,,,,,,,135.0,0.0,
278,Anirban Lahiri,Lahiri,,0.0,53.0,0.0,,0.0,,61.0,,,0.0,,,,,,,,,0.0,,,,52.0,,93.0,45.0,,,,85.0,,,,,,56.0,0.0,0.0,,,,67.0,,0.0,0.0,0.0,,96.0,,0.0,,,0.0,205.0,,0.0
279,Martin Laird,Laird,,,0.0,62.0,57.0,,63.0,94.0,,,,,,,,,,,,,,,,0.0,,14.0,59.0,100.0,,,,0.0,,0.0,,57.0,,35.0,0.0,0.0,,0.0,,,63.0,55.0,,,78.0,56.0,,0.0,,60.0,23.0,83.0,
280,Andrew Landry,Landry,,0.0,99.0,,65.0,0.0,67.0,,,,,28.0,57.0,,,0.0,0.0,,0.0,47.0,6.0,3.0,,,,,,61.0,22.0,36.0,,0.0,0.0,95.0,,8.0,0.0,11.0,,,0.0,76.0,,,,0.0,0.0,,0.0,,73.0,0.0,,0.0,177.0,,48.0
281,Romain Langasque,Langasque,,,,,,,,,,,,,,,,,,,,,,,,,46.0,,,,,,,,,,,,,,,,,,,,,,,,,,,,,,,,
282,Bernhard Langer,Langer,,,,,,,,,,,,0.0,24.0,,,,,,,,,,,,,,,,,,,,53.0,,,,,,,,,,,,,,,,,0.0,,,,,,,
283,Pablo Larrazabal,Larrazabal,,,,,,,,,11.0,,,,,,,,,,,,,,,,,,,,,,,,,,,,,,,,,,,,,,,,,,,,,,,,
284,Nate Lashley,Lashley,41.0,62.0,0.0,,97.0,0.0,0.0,,,,0.0,0.0,0.0,,0.0,0.0,,,54.0,1.0,0.0,,,0.0,,96.0,0.0,23.0,,,,46.0,0.0,45.0,48.0,,0.0,0.0,,85.0,96.0,52.0,,,,54.0,72.0,77.0,0.0,,,,0.0,0.0,165.0,,71.0
285,Hank Lebioda,Lebioda,,0.0,88.0,0.0,,0.0,,0.0,,0.0,0.0,,,41.0,0.0,0.0,,63.0,,47.0,,,,0.0,,73.0,35.0,,,,78.0,,,0.0,48.0,,0.0,14.0,0.0,,73.0,,,,,,0.0,0.0,0.0,,,90.0,66.0,88.0,,,
286,Nelson Ledesma,Ledesma,,0.0,0.0,0.0,,0.0,,61.0,,,,,,,0.0,,,0.0,,0.0,,,,70.0,,0.0,,,,,0.0,,,,,,64.0,6.0,0.0,,0.0,,86.0,,,,,0.0,,,,0.0,,67.0,,,
287,Kyoung-Hoon Lee,Lee,,0.0,84.0,0.0,0.0,,88.0,86.0,,72.0,41.0,0.0,0.0,0.0,37.0,49.0,,4.0,,0.0,60.0,,,0.0,,0.0,32.0,0.0,34.0,,10.0,0.0,,0.0,18.0,,85.0,56.0,0.0,98.0,,45.0,,,0.0,71.0,0.0,,82.0,,58.0,78.0,60.0,99.0,,,
288,Tae Hee Lee,Lee,,,,,,,,,0.0,,,,,,,,,,,,,,,,,,,,1.0,,,,,,,,,,,,,,,,,,,,,,,,,,,,
289,Danny Lee,Lee,,,0.0,0.0,78.0,,0.0,,,65.0,94.0,0.0,8.0,0.0,,0.0,0.0,63.0,11.0,0.0,76.0,54.0,,,0.0,,,0.0,74.0,8.0,,0.0,,,,,0.0,0.0,57.0,0.0,,55.0,,,57.0,0.0,,,0.0,,0.0,84.0,,0.0,167.0,,65.0
290,Jaekyeong Lee,Lee,,,,,,,,,,,,,,,,,,,,,,,,,,,,,25.0,,,,,,,,,,,,,,,,,,,,,,,,,,,,
291,Tain Lee,Lee,,,,,,,,,,,,,,,,,,,,,,,,,,,,,,,,,,,,,,,55.0,,,,,,,,,,56.0,,,,,,,,
292,Tom Lehman,Lehman,,,,,,,,,,,,0.0,,,,,,0.0,,,,,,,,,,,,,,,,,,,,,,,0.0,,,,,,,,,,,,,,,,
293,Marc Leishman,Leishman,,79.0,,99.0,,,63.0,,38.0,,99.0,0.0,,16.0,,0.0,47.0,,0.0,,0.0,1.0,10.0,,0.0,,,,34.0,10.0,,,80.0,,0.0,39.0,96.0,,85.0,,,71.0,,45.0,0.0,0.0,,,,94.0,,,,85.0,85.0,0.0,
294,Spencer Levin,Levin,,,,,,,,,,,,,,,,,,,,,,,,,,,,0.0,,,,,,,,,,,,,,,,,,,,,,,,,,,,,
295,Tom Lewis,Lewis,,,,,,,,0.0,,65.0,,0.0,,,84.0,,,54.0,0.0,35.0,0.0,,,,0.0,,0.0,36.0,,,0.0,0.0,,,,,,,71.0,0.0,91.0,,0.0,,,0.0,72.0,55.0,61.0,,79.0,67.0,0.0,0.0,72.0,53.0,0.0
296,Steve Lewton,Lewton,,,,,,,,,,,,,,,,,,,,,,,,,,,12.0,,,,,,,,,,,,,,,,,,,,,,,,,,,,,,
297,Haotong Li,Li,,,,,,,,,,,,,,,,,0.0,,80.0,,,,,,,,,,,,,,,,,,,,,,,,,,,,,,,,,,,,,,
298,Frank Lickliter II,Lickliter,,,,,,,,,,,,,,,,,,,,,,,,,,,,,,,,,,,,,,,,,,,0.0,,,,,,,,,,,,,,
299,KK Limbhasut,Limbhasut,,,,0.0,,,,,,,,,,,,,,,,,,,,,,,,,,,,,,,,,,,,,,,,,,,,,,,,,,,,,
300,Yuxin Lin,Lin,,,,,,,,,,,,,,,,,,,,,,,,,,,,,,,,,0.0,,,,,,,,,,,,,,,,,,,,,,,,
301,David Lingmerth,Lingmerth,,,,,,0.0,,57.0,,,,,,,,,0.0,0.0,,,,,,,,0.0,,,,,,,,,,,,,,,,,58.0,,,,,77.0,,,,,,0.0,,,
302,David Lipsky,Lipsky,,,,,,,,,,,,,,,,,,,,,,,,,,,,,,,,,,,,,,,,,,,,31.0,,,,,,,,,,,,,
303,Luke List,List,,0.0,0.0,74.0,78.0,,72.0,,,0.0,,,0.0,0.0,71.0,0.0,88.0,54.0,37.0,16.0,0.0,,,12.0,,91.0,0.0,0.0,,,24.0,0.0,,0.0,0.0,,0.0,72.0,92.0,75.0,,0.0,,,48.0,0.0,0.0,0.0,86.0,,57.0,0.0,95.0,60.0,191.0,,0.0
304,Zander Lombard,Lombard,,,,,,,,,63.0,,,,,,,,,,,,,,,,,,,,,,,,,,,,,,,,,,,,,,,,,,,,,,,,
305,Joe Long,Long,,,,,,,,,,,,,,,,,,,,,,,,,,,,,,,,,,,,,,,,,,,,,,,,,,0.0,,,,,,,
306,Adam Long,Long,32.0,0.0,0.0,,94.0,0.0,0.0,,,79.0,67.0,0.0,0.0,66.0,,24.0,0.0,99.0,37.0,61.0,31.0,20.0,,,80.0,95.0,0.0,,5.0,16.0,,85.0,,55.0,97.0,,,4.0,,0.0,0.0,0.0,,,0.0,84.0,0.0,,0.0,,0.0,0.0,0.0,,122.0,0.0,79.0
307,Michael Lorenzo-Vera,Lorenzo-Vera,,,,,,,,,9.0,,,,,,,,,,47.0,,,,,,0.0,,,,,,,,,,,,,,,,,,,,,,,,,,,,,,,,
308,Andrew Loupe,Loupe,,,,,,,,0.0,,,,,,,,,,,,,,,,,,,,,,,,,,,,,,,,,,,,,,,,,,,,,,,,,
309,Davis Love III,Love III,,,,,,,,,,0.0,6.0,,0.0,0.0,,0.0,,,0.0,35.0,,,,,,,,,,,,,,,,,0.0,,,,,,,,,,,0.0,0.0,,0.0,,,,,,
310,Tom Lovelady,Lovelady,,,,,,,,,,,,,,,,,,,,,,,,,,,,,,,,,,,,,,,,,,,,,,,,,,,,,,0.0,,,
311,Jamie Lovemark,Lovemark,,0.0,,74.0,0.0,,,,,79.0,,,,0.0,0.0,0.0,,0.0,,,,,,25.0,,14.0,0.0,0.0,,,0.0,7.0,,0.0,,,52.0,45.0,0.0,0.0,,,,,,,0.0,,,,,0.0,0.0,0.0,,,
312,Shane Lowry,Lowry,,,,,,,,,55.0,84.0,,0.0,0.0,13.0,,43.0,0.0,,18.0,71.0,0.0,,,0.0,31.0,,,,65.0,,,85.0,60.0,25.0,,,,,,,,,,31.0,0.0,95.0,72.0,,,74.0,92.0,,57.0,,6.0,96.0,
313,Curtis Luck,Luck,,,,,,,,,,,,,,,,,,,,,,,,,0.0,,,,,,,,,,,,,,,,,,,,,,,,,,,,,,,,
314,Joost Luiten,Luiten,,,,,,,,,,,,,,,,,,,37.0,,,,,,,,,,,,,,,,,,,,,,,,,,,,,,,,,,,,,,
315,Ryan Lumsden,Lumsden,,,,,,,,,,,,,,,,,,,,,,,,,,,,,,,,,,,,,,,,,,,,,,,,,,,,,,0.0,,,
316,Sandy Lyle,Lyle,,,,,,,,,,,,,,,,,,,,,,,,,,,,,,,,,0.0,,,,,,,,,,,,,,,,,0.0,,,,,,,
317,John Lyras,Lyras,,,,,,,,,,,,,,,,,,,,,,,,,,,,,,,,,,,,,,,,,,,,,,,,,,,,,,0.0,,,
318,Robert MacIntyre,MacIntyre,,,,,,,,,38.0,,,,,,,,,,18.0,,,,,,10.0,,,,,,,,,,,,,,,,,,,14.0,68.0,0.0,,,,84.0,55.0,,,,51.0,67.0,
319,Willie Mack III,Mack,,,,,,,,,,,,,,,,,,,,,,,,,,,,,,,,,,,,,,,0.0,,,0.0,,,,,,,,,,,,,,,
320,Will MacKenzie,MacKenzie,,,,,,,,,,,,,,,,,,,,,,,,,,,,,,,,,,,,,,,,,,,0.0,,,,,,,,,,,,,,
321,Hunter Mahan,Mahan,,,0.0,0.0,,0.0,,,,,,,,0.0,,,,0.0,,,,,,0.0,,,0.0,14.0,,,6.0,0.0,,0.0,7.0,,0.0,0.0,0.0,0.0,0.0,,0.0,,,,0.0,0.0,0.0,,0.0,0.0,64.0,0.0,,,
322,Peter Malnati,Malnati,,89.0,0.0,0.0,0.0,92.0,0.0,,,0.0,,,8.0,0.0,0.0,4.0,,0.0,,75.0,,,,0.0,,46.0,98.0,94.0,,,71.0,,,28.0,0.0,,89.0,0.0,92.0,,0.0,0.0,,,0.0,0.0,0.0,,0.0,,0.0,0.0,70.0,,86.0,0.0,0.0
323,George Markham,Markham,,,,,,,,,,,,,,,,,,,,,,,,,,,,5.0,,,,,,,,,,,,,,,,,,,,,,,,,,,,,
324,Ben Martin,Martin,,66.0,79.0,0.0,,82.0,,86.0,,,,,,,0.0,,,0.0,,25.0,,,,,,31.0,,,,,0.0,,,,,,,23.0,,,0.0,,45.0,,,,,92.0,73.0,,0.0,,92.0,81.0,,,
325,Patrick Martin,Martin,,,,0.0,,0.0,,,,,,,,,,,,,,,,,,,,,,,,,,,,,,,,,,,,,,,,,,,,,,,,,,,
326,Hideki Matsuyama,Matsuyama,,89.0,,70.0,85.0,,94.0,,90.0,,20.0,,0.0,,71.0,69.0,0.0,,73.0,,60.0,97.0,47.0,,74.0,,,0.0,74.0,65.0,,99.0,80.0,,,2.0,85.0,,64.0,65.0,,0.0,,78.0,84.0,0.0,,,78.0,99.0,,,,73.0,24.0,83.0,
327,Brandon Matthews,Matthews,,,,,,,,,,,0.0,,,,,,,,,,,,,,,,,,,,,,,,,,,,,,,,,,,,,,,,,,,,,,
328,Andrew McCain,McCain,,,,,,,,,,0.0,,,,,,,,,,,,,,,,,,,,,,,,,,,,,,,,,,,,,,,,,,,,,,,
329,Justin McCarraher,McCarraher,,,,,,,,,,,,,,,,,,,,,,,,,,,,,,,,,,,,,,,,,,,,,,,,0.0,,,,,,,,,
330,Scott McCarron,McCarron,,,,,,,,,,,,0.0,,,,,,,,,,,,,,,,,,,,,,,,,,,,,,,,,,,,,,,,,,,,,
331,Denny McCarthy,McCarthy,,,67.0,58.0,55.0,,67.0,,,0.0,0.0,3.0,0.0,0.0,,0.0,23.0,54.0,28.0,90.0,31.0,,,0.0,,46.0,92.0,15.0,,,96.0,46.0,,0.0,0.0,,,0.0,53.0,0.0,0.0,0.0,,,77.0,63.0,96.0,,73.0,,89.0,72.0,0.0,,60.0,60.0,0.0
332,Dan McCarthy,McCarthy,,,,,,,,,,,,,,,,,,,,,,,,,0.0,,,,,,,,,,,,,,,,,,,,,,,,,,,,,,,,
333,Tyler McCumber,McCumber,,0.0,58.0,84.0,,78.0,,81.0,,0.0,,0.0,,0.0,0.0,0.0,,,,0.0,,,,0.0,,99.0,92.0,0.0,,,0.0,,,0.0,,,0.0,45.0,51.0,,0.0,55.0,,,0.0,84.0,76.0,85.0,,,,,0.0,,169.0,,57.0
334,Graeme McDowell,McDowell,32.0,96.0,,,,0.0,,,4.0,,55.0,0.0,0.0,,,49.0,0.0,,0.0,0.0,0.0,,,,0.0,0.0,,,,,,37.0,0.0,11.0,0.0,,,,,,,,,,0.0,0.0,0.0,96.0,61.0,,0.0,0.0,,,204.0,,0.0
335,William McGirt,McGirt,,,,,,,,,,,,,,,,,9.0,,,,,,,10.0,,,0.0,,,,,,,,,,0.0,,,0.0,,,,,,,57.0,,,,0.0,0.0,,,,,
336,Rory McIlroy,McIlroy,,,,98.0,,,94.0,,93.0,,94.0,54.0,47.0,85.0,,,58.0,,59.0,,9.0,84.0,80.0,,89.0,,,,74.0,79.0,,,93.0,,,,,,89.0,89.0,,0.0,,90.0,89.0,0.0,,,,0.0,,,99.0,,52.0,67.0,
337,Parker McLachlin,McLachlin,,0.0,,,,,,0.0,,,,,,,,,,0.0,,,,,,0.0,,0.0,,,,,,,,,,,0.0,,,,,,0.0,,,,,46.0,,,,,,,,,
338,Jay McLuen,McLuen,,,,,,,,43.0,,,,,,,,,,,,,,,,,,,6.0,,,,,,,,,,,,,,,,,,,,,,,,,,,,,,
339,Maverick McNealy,McNealy,,,75.0,90.0,,96.0,,74.0,,90.0,0.0,54.0,24.0,,90.0,0.0,0.0,,,0.0,14.0,43.0,,0.0,,,76.0,0.0,,,71.0,72.0,,0.0,85.0,,,1.0,0.0,,99.0,0.0,,,57.0,0.0,0.0,,,,96.0,,0.0,,98.0,0.0,79.0
340,George McNeill,McNeill,,,,,,0.0,,67.0,,,,,,,46.0,,,7.0,,,,,,0.0,,46.0,,,,,0.0,,,,,,,,,,,,47.0,,,,,0.0,,,,,,0.0,,,
341,McClure Meissner,Meissner,,,,,,,,,,,,,,,,,,,,,,,,,,,,,,,,,,,,,,,,,,,,,,,,,0.0,,,,,,,,
342,Kyle Mendoza,Mendoza,,,,,,,,,,,,,,,,,,,,,,,,,,,,,,,,,,,,,,,57.0,,,,,,,,,,,,,,,,,,
343,John Merrick,Merrick,,,,,,,,0.0,,,,,,,,,,16.0,,,,,,,,0.0,,,,,,,,,,,,,,,,,0.0,,,,,0.0,,,,,,,,,
344,Troy Merritt,Merritt,,0.0,55.0,,0.0,82.0,0.0,,,,67.0,0.0,8.0,13.0,90.0,69.0,0.0,0.0,0.0,25.0,60.0,,,0.0,7.0,,0.0,36.0,,,43.0,54.0,,0.0,45.0,,59.0,0.0,54.0,0.0,88.0,0.0,,,,0.0,0.0,71.0,73.0,,0.0,94.0,0.0,95.0,156.0,,94.0
345,Dylan Meyer,Meyer,,,,,,,,,,,,,,,,,,,,,,,,,,,,,,,,,,,,,,,,,,,51.0,,,,,,,,,,,56.0,,,
346,Shaun Micheel,Micheel,,,,,,,,,,,,,,,,,,,0.0,,,,,,,,,,,,,,,,,,,,,,,,,,,,,,,,,,,,143.0,0.0,
347,Lukas Michel,Michel,,,,,,,,,,,,,,,,,,,,,,,,,,,,,,,,,0.0,,,,,,,,,,,,,,,,,,,,,,,,
348,Lukas Michel,Michel,,,,,,,,,,,,,,,,,,,,,,,,,0.0,,,,,,,,,,,,,,,,,,,,,,,,,,,,,,,,
349,Phil Mickelson,Mickelson,,,0.0,0.0,,98.0,0.0,,,,0.0,0.0,,66.0,,15.0,28.0,,11.0,,0.0,,,41.0,0.0,,,,,3.0,,0.0,10.0,,,,,0.0,64.0,,0.0,,,,,75.0,81.0,,0.0,74.0,,0.0,55.0,,0.0,99.0,0.0
350,Michael Miller,Miller,,,,,,,,,,,,,,,,,,,,,,,,,,,,,,,29.0,,,,,,,,,,,,,,,,,,,,,,,,,,
351,Keith Mitchell,Mitchell,5.0,0.0,,0.0,85.0,78.0,,,,0.0,94.0,6.0,0.0,0.0,,0.0,72.0,0.0,47.0,0.0,14.0,,,,,19.0,0.0,0.0,,,29.0,0.0,,34.0,3.0,,89.0,,0.0,0.0,0.0,,,,63.0,0.0,62.0,,86.0,,,56.0,98.0,81.0,199.0,,0.0
352,Larry Mize,Mize,,,,,,,,,,,,,,,,,,,,,,,,,,,,,,,,,0.0,,,,,,,,,,,,,,,,,0.0,,,,,,,
353,Francesco Molinari,Molinari,,,0.0,0.0,,,0.0,,24.0,,,,,,,,,,,,,,,,,,,0.0,,,,79.0,0.0,,,,,90.0,92.0,,62.0,92.0,,,0.0,0.0,,,,41.0,,,0.0,,,,
354,Marcos Montenegro,Montenegro,,,,,,,,,,,,,,,,,,,,,,,,,,,,,,,,,,,,,,,,,,,0.0,,,,,,,,,,,,,,
355,Kyongjun Moon,Moon,,,,,,,0.0,,,,,,,,,,,,,,,,,,,,,,,,,,,,,,,,,,,,,,,,,,,,,,,,,,
356,Ryan Moore,Moore,,,95.0,,0.0,,72.0,,,,26.0,0.0,0.0,0.0,,,47.0,84.0,,0.0,,,,,,,,,,,,,,,,,,0.0,0.0,0.0,82.0,,,,,75.0,0.0,,47.0,,60.0,72.0,64.0,0.0,,,
357,Collin Morikawa,Morikawa,77.0,83.0,,84.0,78.0,,77.0,,38.0,,88.0,100.0,16.0,0.0,,100.0,36.0,,100.0,,0.0,72.0,80.0,,0.0,,,0.0,86.0,36.0,,,28.0,,,82.0,94.0,,,,,61.0,,99.0,,71.0,,,,78.0,94.0,,,,10.0,92.0,86.0
358,Alan Morin,Morin,,,,,,,,,,,,,,,,,,,,,,,,,,,,,,,,,,,,,,,,,,,,,,,0.0,,,,,,,,,,
359,Jesse Mueller,Mueller,,,,,,,,,,,,,,,,,,,,,,,,,,,,,,,,,,,,,,,,0.0,,,,,,,,,,,,,,,,,
360,Trey Mullinax,Mullinax,,,,50.0,0.0,,,,,,,,,,,,,,,,,,,,,,,,,,,,,,,,,,,,,,,,,,,,,,,,,,,,
361,Sebastian Munoz,Munoz,50.0,0.0,84.0,0.0,64.0,,77.0,,80.0,,0.0,0.0,64.0,0.0,0.0,0.0,36.0,,0.0,5.0,76.0,90.0,80.0,,5.0,,67.0,61.0,90.0,83.0,,,70.0,0.0,0.0,57.0,54.0,,,,,,,,,,,,,,,,,,,,
362,Sebastián Muñoz,Muñoz,,,,,,,,,,,,,,,,,,,,,,,,,,,,,,,,,,,,,,,,0.0,,61.0,,66.0,57.0,0.0,,,93.0,52.0,0.0,,0.0,63.0,99.0,0.0,96.0
363,Grayson Murray,Murray,,,92.0,62.0,57.0,,,0.0,,62.0,,,,0.0,0.0,0.0,,,,0.0,,,,0.0,,0.0,21.0,,,,,0.0,,,,,0.0,0.0,49.0,65.0,0.0,,97.0,,,,0.0,47.0,,,,0.0,0.0,0.0,,,
364,Zach Murray,Murray,,,,,,,,,33.0,,,,,,,,,,,,,,,,,,,,,,,,,,,,,,,,,,,,,,,,,,,,,,,,
365,David Muttitt,Muttitt,,,,,,,,,,,,,,,,,,,0.0,,,,,,,,,,,,,,,,,,,,,,,,,,,,,,,,,,,,,,
366,Kevin Na,Na,5.0,,88.0,,0.0,90.0,0.0,,87.0,,49.0,0.0,,94.0,0.0,,89.0,,0.0,,46.0,28.0,13.0,,0.0,,,36.0,43.0,65.0,,,80.0,,,8.0,99.0,0.0,,,,67.0,,84.0,63.0,0.0,,,,84.0,0.0,78.0,,,136.0,0.0,71.0
367,Toru Nakajima,Nakajima,,0.0,,,,,,,,,,,,,,,,,,,,,,,,,,,,,,,,,,,,,,,,,,,,,,,,,,,,,,,
368,Matthew NeSmith,NeSmith,,76.0,88.0,79.0,,92.0,,94.0,,72.0,0.0,28.0,57.0,0.0,,0.0,0.0,0.0,,47.0,0.0,,,0.0,,46.0,76.0,89.0,,,,0.0,,78.0,,,0.0,0.0,68.0,94.0,88.0,81.0,,,0.0,0.0,72.0,,73.0,,63.0,84.0,60.0,,206.0,,0.0
369,James Nicholas,Nicholas,,,,,,,,,,,,,,,0.0,,,,,,,,,,,,,,,,0.0,,,,,,,,,,,,,,,,,,,,,,,,,,
370,Chris Nido,Nido,,,,,,,,0.0,,,,,,,,,,,,,,,,,,,,,,,,,,,,,,,,,,,0.0,,,,,,,,,,,,,,
371,Joaquin Niemann,Niemann,85.0,59.0,,67.0,,,0.0,,,0.0,0.0,54.0,95.0,9.0,,55.0,0.0,,0.0,47.0,0.0,97.0,10.0,,64.0,,,82.0,94.0,79.0,,,,34.0,69.0,97.0,98.0,,,,,61.0,,59.0,,79.0,81.0,,,52.0,,94.0,86.0,,33.0,78.0,57.0
372,Roberto Nieves,Nieves,,,,,,,,,,,,,,,,,,,,,,,,,,,,,,,,,,,,,,,,,,,0.0,,,,,,,,,,,,,,
373,Bryson Nimmer,Nimmer,,,,,,,,0.0,,,,,,,,,,,,,,,,,,,,,,,,,,,,,,,,,,,67.0,,,,,,,,0.0,,,,,,
374,Seung-Yul Noh,Noh,,,0.0,0.0,0.0,,,,,0.0,,,,85.0,20.0,0.0,,0.0,,,,,,,,,,,,,,,,,,,,0.0,0.0,,0.0,,,,,,0.0,,61.0,,,,0.0,,,,
375,Alex Noren,Noren,,76.0,90.0,,,78.0,50.0,0.0,,,0.0,12.0,73.0,,0.0,,0.0,97.0,73.0,,90.0,43.0,,,74.0,,,,3.0,79.0,,0.0,,74.0,0.0,,,45.0,75.0,,0.0,89.0,,,57.0,0.0,66.0,,,,79.0,84.0,,85.0,55.0,63.0,
376,Henrik Norlander,Norlander,,93.0,55.0,0.0,,82.0,,61.0,,0.0,0.0,0.0,,41.0,84.0,55.0,93.0,68.0,,25.0,0.0,,,0.0,,0.0,95.0,14.0,,,0.0,0.0,,,0.0,,0.0,85.0,97.0,81.0,82.0,0.0,,,42.0,0.0,0.0,,0.0,,0.0,67.0,0.0,,170.0,,57.0
377,Shaun Norris,Norris,,,,,,,,,46.0,,,,,,,,,,0.0,,,,,,0.0,,,,,65.0,,,,,,,,,,,,,,,,,,,,,,,,,,,
378,Sean O'Hair,O'Hair,,,,,,66.0,,,,0.0,,,,,,,,,,,,,,0.0,,82.0,0.0,0.0,,,,4.0,,11.0,,,,0.0,,,0.0,,,,,,0.0,,0.0,,,0.0,74.0,73.0,,,
379,John O'Leary,O'Leary,,,,,,,,,,,,,,,,,,,0.0,,,,,,,,,,,,,,,,,,,,,,,,,,,,,,,,,,,,,,
380,John Oda,Oda,,,,,,,,,,,,,,,,,,,,,,,,,,,,,,,0.0,,,,,,,,,,,,,,,,,,,,,,,,,,
381,Andy Ogletree,Ogletree,,,,,,,,,,,,0.0,0.0,,,,0.0,,,,,,,,0.0,,,,,,,,45.0,,37.0,,,,0.0,,0.0,,,,,,,0.0,,,,,,,,,
382,Jose Maria Olazabal,Olazabal,,,,,,,,,,,,,,,,,,,,,,,,,,,,,,,,,0.0,,,,,,,,,,,,,,,,,,,,,,,,
383,José María Olazábal,Olazábal,,,,,,,,,,,,,,,,,,,,,,,,,,,,,,,,,,,,,,,,,,,,,,,,,,43.0,,,,,,,
384,Marcel Olivares,Olivares,,,,,,,,,,,,,,,,,,,,,,,,,,0.0,,,,,,,,,,,,,,,,,,,,,,,,,,,,,,,
385,Eddie Olson,Olson,,,,0.0,,,,,,,,,,,,,,,,,,,,,,,,,,,,,,,,,,,,,,,,,,,,,,,,,,,,,
386,Louis Oosthuizen,Oosthuizen,,,,,,,,,29.0,0.0,,19.0,0.0,34.0,,4.0,28.0,,59.0,,83.0,65.0,,,97.0,,,73.0,39.0,,,,63.0,0.0,,,,,81.0,91.0,,,,90.0,,71.0,,,,67.0,,94.0,,,2.0,98.0,
387,Rob Oppenheim,Oppenheim,,83.0,0.0,0.0,,72.0,,91.0,,0.0,1.0,,,0.0,0.0,0.0,,0.0,,82.0,,,,52.0,,57.0,0.0,61.0,,,0.0,,,11.0,0.0,,0.0,35.0,0.0,,73.0,,93.0,,,,0.0,0.0,0.0,,,0.0,0.0,81.0,,,
388,Wade Ormsby,Ormsby,,,,,,,,,,,,,,,,,,,,,,,,,,,,,,,,,,,,,,,,,,,,27.0,,,,,,,,,,,,,
389,Carlos Ortiz,Ortiz,,62.0,67.0,0.0,78.0,,77.0,,77.0,,0.0,0.0,57.0,0.0,,10.0,36.0,,0.0,0.0,0.0,65.0,,38.0,,,0.0,0.0,39.0,56.0,,100.0,,,90.0,13.0,89.0,,81.0,96.0,,0.0,,78.0,,0.0,,,,0.0,0.0,,57.0,85.0,56.0,63.0,65.0
390,Charles Osborne,Osborne,,,,,,,,,,,,,,,,,,,,,,,,,,,,,,,,,,,,,,,,,,,,,,,,,,0.0,,,,,,,
391,Matt Oshrine,Oshrine,,,,,,,,,,,,,,,,,,,,,,,,,,0.0,,,,,,,,,,,,,,,,,,,,,,,,,,,,,,,
392,Tyler Ota,Ota,,0.0,,,,,,,,,,,,,,,,,,,,,,,,,,,,,,,,,,,,,,,,,,,,,,,,,,,,,,,
393,Adrian Otaegui,Otaegui,,,,,,,,,,,,,,,,,,,,,,,,,0.0,,,,,,,,,,,,,,,,,,,,,,,,,,,,,,,,
394,John Pak,Pak,,,,,,,,,,,,,,,,,,,,,,,,,18.0,,,,,,,,,,,,,,,,,,,,,,,,,,,,,,,,
395,Ryan Palmer,Palmer,50.0,96.0,,84.0,0.0,,44.0,,,87.0,,0.0,91.0,0.0,,0.0,99.0,,47.0,,90.0,43.0,20.0,,0.0,,,50.0,79.0,96.0,,,,,,91.0,70.0,,97.0,65.0,,,,22.0,,88.0,,,86.0,60.0,,58.0,,67.0,108.0,0.0,71.0
396,Rod Pampling,Pampling,,,,,,0.0,,,,,,,,,,,,,,,,,,,,,,,,,,,,,,,,,,,0.0,,,,,,,,,,,,,,,,
397,Cheng Tsung Pan,Pan,,,,0.0,51.0,,0.0,,,0.0,0.0,0.0,32.0,0.0,0.0,30.0,42.0,,0.0,12.0,,,,18.0,,19.0,83.0,23.0,,,,16.0,90.0,0.0,,,0.0,0.0,,0.0,58.0,81.0,,,0.0,0.0,96.0,,,0.0,0.0,,86.0,,166.0,,71.0
398,Brinson Paolini,Paolini,,,,,,,,,,,,,,,,,,,,12.0,,,,,,,,,,,,,,,,,,,,,,,,,,,,,,,,,,,,,
399,Renato Paratore,Paratore,,,,,,,,,,,,,,,,,,,,,,,,,51.0,,,,,,,,,,,,,,,,,,,,,,,,,,,,,,,,
400,David Pastore,Pastore,,,,,,,,,,,,,,0.0,,,,,,,,,,,,,,,,,,,,,,,,,,,,,,,,,,,,,,,,,,,
401,Andrea Pavan,Pavan,,,,,,,,0.0,,,,,,,,,,,,,,,,,,,,,,,,,,,,,,,,,,,,,,,,,,,,,,,,,
402,Shane Pearce,Pearce,,,,,,,,,,,,,,,,,,,,,,,,,,,,,,,,,,,,,,,,,,,,,,,,,,,,,,0.0,,,
403,Rhadames Pena,Pena,,,,,,,,,,,,,,,,,,,,,,,,,,,,,,,,,,,,,,,,,,,,,,,,0.0,,,,,,,,,
404,Taylor Pendrith,Pendrith,,,,,,,,,,,,,,,,,,,,,,,,,64.0,,,,,,,,,,,,,,,,,,58.0,,,,,71.0,,,,,,,,,
405,Eddie Pepperell,Pepperell,,,,,,,,,,,,,,,,,,,,,,,,,0.0,,,,,,,,,,,,,,,,,,,,,,,,,,,,,,,,
406,Cameron Percy,Percy,,0.0,0.0,74.0,,,,61.0,,57.0,,,,0.0,0.0,0.0,,0.0,,0.0,,,,70.0,,91.0,12.0,,,,63.0,,,0.0,0.0,,,0.0,68.0,,85.0,,93.0,,0.0,79.0,0.0,,0.0,,,0.0,0.0,55.0,195.0,,0.0
407,Guillermo Pereira,Pereira,,,,,,,,,,,,,,,,,,,,,,,,,,,,,,,,,,,,,,,,,,,0.0,,,,,,,,,,,,,,
408,Victor Perez,Perez,,,,,,,,,24.0,,,0.0,0.0,,,,0.0,,73.0,,,,,,0.0,,,,,,,,25.0,,,,,,,,,,,27.0,44.0,92.0,,,,0.0,,,,,87.0,0.0,
409,Pat Perez,Perez,,66.0,,62.0,,0.0,60.0,,,,0.0,28.0,0.0,,37.0,43.0,,68.0,,0.0,0.0,,,89.0,,73.0,0.0,0.0,,,0.0,0.0,,0.0,28.0,,75.0,0.0,55.0,0.0,82.0,0.0,,,68.0,0.0,66.0,62.0,53.0,,0.0,78.0,80.0,73.0,168.0,,61.0
410,Rod Perry,Perry,,,,,,,,,,,12.0,,,,,,,,0.0,,,,,,,,,,,,,,,,,,,,,,,,,,0.0,,,,,,,0.0,,,,,
411,Carl Pettersson,Pettersson,,,,,,,,,,,,,,,,,50.0,,,0.0,,,,,,0.0,,,,,,,,,,,,,,,,,0.0,,,,,0.0,,,,,,,,,
412,Chandler Phillips,Phillips,,,,,,,,0.0,,,,,,,0.0,,,,,,,,,,,,,,,,,,,,,,,,,,,,,,,,,,,,,,,,,,
413,Anthony Phipps,Phipps,,,,,,,,,,,,,,,,,,,,,,,,,,,,,,,0.0,,,,,,,,,,,,,,,,,,,,,,,,,,
414,Scott Piercy,Piercy,,66.0,60.0,,95.0,86.0,84.0,,,,0.0,6.0,0.0,,,,18.0,0.0,0.0,12.0,60.0,,,0.0,,,15.0,73.0,,,81.0,54.0,,74.0,45.0,,0.0,0.0,,,66.0,46.0,,,,55.0,,,,,54.0,0.0,92.0,0.0,211.0,,0.0
415,Thomas Pieters,Pieters,,,,,,,,,,,,,,,,,,,,,,,,,64.0,,,,,,,,,,,,,,,,,,86.0,,,,,89.0,,,,,,0.0,140.0,0.0,
416,Kenny Pigman,Pigman,,,,,,,,,,,,,,,,,,,,,,,,,,,,,,,,,,,,,,,,,0.0,,,,,,,,,,,,,,,,
417,D.A. Points,Points,,,,,,0.0,,0.0,,,,,,,,,,,,,,,,0.0,,,0.0,0.0,,,35.0,0.0,,0.0,0.0,,,,,,0.0,,0.0,,,,,,0.0,,,0.0,0.0,,187.0,,38.0
418,J.T. Poston,Poston,67.0,0.0,75.0,,71.0,,72.0,,,75.0,0.0,87.0,91.0,0.0,0.0,,0.0,,6.0,0.0,46.0,16.0,,,0.0,,97.0,61.0,35.0,,,72.0,0.0,0.0,,,0.0,0.0,85.0,91.0,,61.0,,,0.0,84.0,0.0,,,,0.0,65.0,80.0,,112.0,0.0,0.0
419,"Ted Potter, Jr.","Potter, Jr.",,95.0,75.0,0.0,0.0,0.0,,94.0,,0.0,,,0.0,0.0,7.0,0.0,,0.0,,0.0,,,,0.0,,,0.0,0.0,,,,0.0,,0.0,,,0.0,0.0,85.0,51.0,0.0,,93.0,,,,55.0,0.0,0.0,,0.0,88.0,52.0,56.0,,,
420,Ian Poulter,Poulter,,,,,,,,,,79.0,55.0,58.0,83.0,7.0,,94.0,0.0,,73.0,,46.0,,,,0.0,,,,86.0,,,,60.0,25.0,,,,,,,,,72.0,,77.0,0.0,0.0,,,67.0,63.0,84.0,0.0,,34.0,78.0,96.0
421,Seamus Power,Power,,,,,,72.0,,67.0,,,,,,,84.0,,,0.0,,66.0,,,,0.0,,0.0,,,,,47.0,,,,,,0.0,,0.0,,0.0,,82.0,,,,,59.0,,,,,64.0,93.0,,,
422,Dicky Pride,Pride,,,,,,,,,,,,,,,,,,,,,,,,,,,,,,,,,,,,,,,,,,,0.0,,,,,0.0,,,,,,,,,
423,Willy Pumarol,Pumarol,,,,,,,,,,,,,,,,,,,,,,,,,,14.0,,,,,,,,,,,,,,,,,,,,,,0.0,,,,,,,,,
424,Ted Purdy,Purdy,,,,,,,,0.0,,,,,,,,,,0.0,,,,,,,,0.0,,,,,,,,,,,,,,,,,0.0,,,,,0.0,,,,,,,,,
425,Andrew Putnam,Putnam,,59.0,92.0,,0.0,,0.0,,,,0.0,0.0,0.0,,0.0,15.0,0.0,0.0,0.0,,,,,52.0,0.0,,21.0,14.0,,,71.0,0.0,0.0,45.0,0.0,,0.0,72.0,,94.0,64.0,71.0,96.0,,96.0,0.0,,,0.0,,0.0,0.0,70.0,0.0,192.0,,0.0
426,Jon Rahm,Rahm,72.0,,,99.0,91.0,,84.0,,95.0,,,0.0,57.0,47.0,,61.0,100.0,,85.0,,93.0,100.0,83.0,,64.0,,,,79.0,99.0,,,90.0,,,82.0,,,95.0,89.0,,95.0,,54.0,,92.0,,,,94.0,,,0.0,77.0,11.0,92.0,
427,Aaron Rai,Rai,,,,,,,,,,,,,,,,,,,,,,,,,,,,,,,,,,,,,,,,,,,,73.0,,,,,,,,,,,132.0,0.0,
428,Spencer Ralston,Ralston,,,,,,,,,,,,,0.0,,,,,,,,,,,,,,,,,,,,,,,,,,,,,,,,,,,,,,,,,,,,
429,Kyle Ramey,Ramey,,,,,,,,,,,,,,,,,,,,,,,,,,,0.0,,,,,,,,,,,,,,,,,,,,,,,,,,,,,,
430,Chez Reavie,Reavie,20.0,0.0,0.0,,0.0,82.0,91.0,,55.0,,,0.0,3.0,34.0,,76.0,72.0,,6.0,0.0,31.0,,,97.0,0.0,,32.0,6.0,,,,,53.0,0.0,0.0,,52.0,0.0,,0.0,88.0,0.0,,,57.0,0.0,0.0,,,,0.0,0.0,0.0,,88.0,0.0,
431,Doc Redman,Redman,,0.0,79.0,58.0,73.0,66.0,,,,0.0,12.0,15.0,73.0,85.0,71.0,,0.0,0.0,65.0,97.0,0.0,,,97.0,,,59.0,0.0,,,96.0,12.0,,0.0,,,,3.0,0.0,0.0,,0.0,,,46.0,0.0,,,66.0,,0.0,72.0,0.0,93.0,174.0,,50.0
432,Patrick Reed,Reed,95.0,0.0,,95.0,,,56.0,,99.0,,80.0,91.0,0.0,66.0,0.0,43.0,88.0,,85.0,90.0,31.0,43.0,80.0,,80.0,,,,,83.0,,,85.0,,,48.0,,0.0,99.0,,,,,87.0,0.0,84.0,,,,90.0,,0.0,95.0,,20.0,87.0,0.0
433,Seth Reeves,Reeves,,,,,,,,,,,,,,,,,,,,,,,,,,,,,,,0.0,,,,,,,,,,,,,,,,,,,,,,,,,,
434,Charles Reiter,Reiter,,,0.0,,,,,,,,,,,,,,,,,,,,,,,,,,,,,,,,,,,,,,,,,,,,,,,,,,,,,,
435,Manuel Relancio,Relancio,,,,,,,,,,,,,,,,,,,,,,,,,,,,,,,,,,,,,,,,,,,,,,,,0.0,,,,,,,,,
436,Davis Riley,Riley,,,,,,,,,,,,,,,,,,,,,,,,,0.0,,0.0,,,,,,,,,,,,,54.0,0.0,,67.0,,,,,,,,,,,,,,
437,J.C. Ritchie,Ritchie,,,,,,,,,,,,,,,,,,,,,,,,,0.0,,,,,,,,,,,,,,,,,,,5.0,,,,,,,,,,,,,
438,Wes Roach,Roach,,,58.0,0.0,,63.0,,91.0,,0.0,,,,,0.0,,,0.0,,,,,,0.0,,0.0,,,,,0.0,,,,,,,,,,57.0,,90.0,,,,,71.0,,,,,,60.0,,,
439,Patrick Rodgers,Rodgers,,71.0,58.0,92.0,85.0,0.0,72.0,67.0,,84.0,67.0,81.0,0.0,0.0,37.0,0.0,77.0,54.0,,16.0,1.0,,,38.0,,86.0,0.0,0.0,,,15.0,0.0,,0.0,77.0,,,0.0,0.0,0.0,0.0,89.0,76.0,,52.0,57.0,0.0,66.0,0.0,,0.0,0.0,74.0,67.0,196.0,,0.0
440,John Rollins,Rollins,,,,,,,,0.0,,,,,,,,,,,,,,,,,,0.0,,,,,,,,,,,,,,,,,0.0,,,,,0.0,,,,,,,,,
441,Andres Romero,Romero,,,,,,,,0.0,,,,,,,,,,,,,,,,,,0.0,,,,,,,,,,,,,,,,,76.0,,,,,,,,,,,,,,
442,Justin Rose,Rose,,,,0.0,,,52.0,,,0.0,0.0,97.0,83.0,0.0,,0.0,0.0,,90.0,0.0,66.0,,,,0.0,,,,34.0,79.0,,,63.0,0.0,,,,,,,,,,22.0,0.0,,,,,92.0,,0.0,,,12.0,92.0,79.0
443,Jeff Roth,Roth,,,,,,,,,,,,,,,,,,,0.0,,,,,,,,,,,,,,,,,,,,,,,,,,,,,,,,,,,,,,
444,Eduard Rousaud,Rousaud,,,,,,,,,,,,,,,,,,,,,,,,,0.0,,,,,,,,,,,,,,,,,,,,,,,,,,,,,,,,
445,Antoine Rozner,Rozner,,,,,,,,,,,,,,,,,,,,,,,,,,,,,,,,,,,,,,,,,,,,,,,,,,,,,,0.0,89.0,0.0,
446,Marcelo Rozo,Rozo,,,,,,,,,,,,,,,,,,,,,,,,,,,,,,,,,,,,,,,,,,,47.0,,,,0.0,,,,,,,,,,
447,Sam Ryder,Ryder,,79.0,79.0,0.0,57.0,,0.0,97.0,,62.0,0.0,0.0,47.0,0.0,0.0,91.0,,0.0,,0.0,0.0,,,0.0,,31.0,0.0,0.0,,,,0.0,,0.0,0.0,,0.0,35.0,92.0,57.0,0.0,,67.0,,,0.0,93.0,98.0,0.0,,,0.0,0.0,0.0,202.0,,0.0
448,Sebastián Saavedra,Saavedra,,,,,,,,,,,,,,,,,,,,,,,,,,0.0,,,,,,,,,,,,,,,,,0.0,,,,,,,,,,,,,,
449,Rory Sabbatini,Sabbatini,,83.0,67.0,0.0,0.0,,50.0,,,75.0,33.0,81.0,73.0,,0.0,76.0,0.0,,18.0,0.0,0.0,,,,5.0,,83.0,23.0,,,,0.0,,83.0,45.0,,0.0,85.0,92.0,0.0,0.0,,,,0.0,56.0,0.0,,78.0,,62.0,0.0,0.0,81.0,180.0,,44.0
450,Carlos Sainz Jr,Sainz Jr,,,,,,,,,,,,,,,,,,,,,,,,,,,,,,,,,,,,,,,,,,,,,,,,,0.0,,,,,,,,
451,Isaiah Salinda,Salinda,,,0.0,0.0,,0.0,,,,,,,,,,,,,,,,,,25.0,,,,,,,,28.0,,,,,,,,,,,,,,,,,,,,,,,,,
452,Julio Santos,Santos,,,,,,,,,,,,,,,,,,,,,,,,,,0.0,,,,,,,,,,,,,,,,,,,,,,,,,,,,,,,
453,Sam Saunders,Saunders,,,0.0,,,0.0,,0.0,,,12.0,,,,,,,,,,,,,,,,,,,,,,,,,,,,,,,,,,,,,,,,,,,,,,
454,Jared Sawada,Sawada,,0.0,,,,,,,,,,,,,,,,,,,,,,,,,,,,,,,,,,,,,,,,,,,,,,,,,,,,,,,
455,Xander Schauffele,Schauffele,95.0,,,0.0,85.0,,80.0,,80.0,,67.0,97.0,16.0,72.0,,81.0,84.0,,89.0,,66.0,65.0,100.0,,93.0,,,,99.0,79.0,,,73.0,,,88.0,,,97.0,98.0,,86.0,,45.0,,0.0,,,,96.0,,,90.0,,90.0,0.0,
456,Scottie Scheffler,Scheffler,,,98.0,0.0,0.0,,72.0,,63.0,,80.0,19.0,,0.0,0.0,0.0,72.0,,96.0,,96.0,72.0,97.0,,,,45.0,0.0,34.0,79.0,,54.0,70.0,,,66.0,,0.0,0.0,94.0,,81.0,,93.0,,0.0,,,61.0,78.0,,78.0,,67.0,13.0,92.0,0.0
457,Adam Schenk,Schenk,,0.0,90.0,,0.0,66.0,60.0,86.0,,0.0,,37.0,0.0,0.0,59.0,43.0,,41.0,,35.0,46.0,,,18.0,,26.0,53.0,61.0,,,63.0,0.0,,28.0,0.0,,0.0,49.0,0.0,0.0,0.0,,79.0,,,0.0,72.0,55.0,0.0,,79.0,88.0,0.0,77.0,179.0,,46.0
458,Matthias Schmid,Schmid,,,,,,,,,,,,,,,,,,,,,,,,,,,,,,,,,,,,,,,,,,,,,0.0,,,,,,,,,,,,
459,Cory Schneider,Schneider,,,,,,,,,,,,,,,,,,,,,,,,,,,,,,,,,,,,,,,,,,,,,,,,,,,,,0.0,,,,
460,Ollie Schniederjans,Schniederjans,,,,,,,,,,,,,,,,,,,,,,,,,,,,,,,97.0,0.0,,,0.0,,,,,,,,0.0,,,,,,,,,,,,,,
461,Luke Schniederjans,Schniederjans,,,,,,,,,,,,,,,,,,,,,,,,0.0,,,,,,,0.0,,,,,,,,,,,,,,,,,,,,,,,,,,
462,Matthias Schwab,Schwab,,,,,,,,,38.0,,,,,,,,0.0,54.0,0.0,47.0,,,,,0.0,26.0,0.0,,,,,,,,,,,,,,,,,,,,,,,,,,,,,,
463,Charl Schwartzel,Schwartzel,,,,,0.0,96.0,,,,87.0,0.0,,47.0,0.0,0.0,0.0,0.0,97.0,28.0,0.0,,,,70.0,,,53.0,0.0,,,,0.0,60.0,0.0,,,,25.0,85.0,0.0,,48.0,,,0.0,0.0,62.0,,51.0,67.0,,84.0,90.0,97.0,128.0,0.0,
464,Adam Scott,Scott,,,,,,,99.0,,63.0,,0.0,,,,,,,,73.0,,19.0,65.0,,,39.0,,,,,,,54.0,45.0,,,48.0,70.0,,92.0,,,67.0,,22.0,,67.0,89.0,,,39.0,,,,,91.0,0.0,
465,Sandy Scott,Scott,,,,,,,,,,,,,,,,,,,,,,,,,0.0,,,,,,,,,,,,,,,,,,,,,,,,,,,,,,,,
466,Jason Scrivener,Scrivener,,,,,,,,,,,,,,,,,0.0,,,,,,,,,,,,,,,,,,,,,,,,,,,43.0,,,,,,,,,,,25.0,83.0,
467,Chase Seiffert,Seiffert,,71.0,84.0,54.0,,66.0,,54.0,,0.0,,,,,0.0,96.0,,0.0,,0.0,,,,0.0,,46.0,76.0,0.0,,,0.0,,,0.0,18.0,,0.0,85.0,60.0,,0.0,,86.0,,,,96.0,85.0,66.0,,67.0,0.0,0.0,,203.0,,0.0
468,Naoki Sekito,Sekito,,,,,,,,,,,,,,,,,,,,,,,,,,,,,,4.0,,,,,,,,,,,,,,,,,,,,,,,,,,,
469,John Senden,Senden,,,0.0,0.0,,57.0,,45.0,,,,0.0,,,0.0,,,0.0,,0.0,,,,0.0,,0.0,,,,,29.0,,,,,,,0.0,0.0,,73.0,,43.0,,,,,0.0,,,,,,0.0,,,
470,Robby Shelton,Shelton,,0.0,0.0,74.0,0.0,,,54.0,,90.0,20.0,0.0,,0.0,0.0,0.0,,97.0,,0.0,83.0,16.0,,0.0,,,0.0,50.0,74.0,,,0.0,,0.0,0.0,,81.0,0.0,89.0,59.0,,0.0,,,0.0,0.0,0.0,66.0,0.0,,0.0,0.0,0.0,,175.0,,50.0
471,Jake Shuman,Shuman,,,,,,,,,,,,,,,,,,,,0.0,,,,,,,,,,,,,,,,,,,,,,,,,,,,,,,,,,,,,
472,Greyson Sigg,Sigg,,,,,,,,,,,,,,,,,,,,,,,,,0.0,,,,,,,,,,,,,,,,,,0.0,,,,,92.0,56.0,,,,,,,,
473,Hiram Silfa,Silfa,,,,,,,,0.0,,,,,,,,,,,,,,,,,,0.0,,,,,,,,,,,,,,,,,,,,,,0.0,,,,,,,,,
474,Webb Simpson,Simpson,,98.0,,,99.0,,,,14.0,,,0.0,100.0,,90.0,,0.0,,54.0,97.0,93.0,,47.0,,89.0,,,82.0,,79.0,,,85.0,45.0,,57.0,96.0,,,65.0,,,,90.0,,0.0,,,,84.0,92.0,,,,35.0,78.0,
475,Michael Sims,Sims,,,,,,,,,,,,,,,,,,,,,,,,,,,,,,,0.0,,,,,,,,,,,,,,,,,,,,,,,,,,
476,Trevor Simsby,Simsby,,,,,,,,,,,,,,,,,,,,,,,,,,,,,,,,,,,,,,,,,,,,48.0,,,,,,,,,,,,,
477,Vijay Singh,Singh,,0.0,,,,,,,,0.0,0.0,,0.0,0.0,0.0,0.0,18.0,,,,,,,,,,,,,,,,0.0,,,,0.0,,,,,,,,,,0.0,,,0.0,,,,,,,
478,Roger Sloan,Sloan,,0.0,0.0,0.0,0.0,,0.0,48.0,,0.0,,,0.0,4.0,0.0,61.0,,0.0,,61.0,,,,0.0,,0.0,53.0,,,,78.0,,,66.0,0.0,,0.0,45.0,64.0,,0.0,,82.0,,,,81.0,81.0,0.0,,,0.0,60.0,77.0,,,
479,Heath Slocum,Slocum,,,,,,,,,,,,,,,,,,,,,,,,,,,,,,,,,,,,,,,,,,,0.0,,,,,,,,,,,,,,
480,Alex Smalley,Smalley,,,,,0.0,,,,,,,,,,,,,,,,,,,,,82.0,,,,,,,,,,,,,,,,,,,,,,81.0,,,,,,,,,
481,Cameron Smith,Smith,,99.0,,58.0,0.0,,0.0,,68.0,,,0.0,0.0,0.0,,,9.0,,47.0,,76.0,72.0,30.0,,39.0,,,65.0,87.0,96.0,,,98.0,,,39.0,56.0,,0.0,,,97.0,,84.0,,88.0,,,,88.0,92.0,,,,61.0,60.0,
482,Camiko Smith,Smith,,,,,,,,,,,,,,,,,,,,,,,,,,,,,,,0.0,,,,,,,,,,,,,,,,,,,,,,,,,,
483,Zach Smith,Smith,,,,,,,,,,,,,,,,,,,,,,,,,,,,,,,,,,,,,,,,,,,0.0,,,,,,,,,,,,,,
484,Brian Smock,Smock,,,0.0,,,,,,,,,,,,,,,,,,,,,,,,,,,,,,,,,,,,,,,,,,,,,,,,,,,,,,
485,Brandt Snedeker,Snedeker,,89.0,,98.0,0.0,0.0,,,68.0,,,,0.0,41.0,0.0,0.0,,,37.0,47.0,0.0,,,0.0,0.0,,76.0,36.0,,,,37.0,3.0,0.0,,,0.0,0.0,78.0,,0.0,0.0,,,44.0,0.0,,,95.0,,67.0,92.0,,88.0,171.0,,57.0
486,Bob Sowards,Sowards,,,,,,,,,,,,,,,,,,,0.0,,,,,,,,,,,,,,,,,,,,,,,,,,,,,,,,,,,,,,
487,J.J. Spaun,Spaun,,0.0,0.0,79.0,64.0,0.0,47.0,,,,,,0.0,0.0,59.0,24.0,,0.0,,0.0,,,,89.0,,26.0,0.0,,,,,,,11.0,10.0,,0.0,0.0,0.0,,0.0,,47.0,,,,0.0,49.0,0.0,,,0.0,86.0,67.0,,,
488,Jordan Spieth,Spieth,,,,62.0,0.0,94.0,50.0,,18.0,,,87.0,11.0,22.0,,0.0,84.0,,11.0,8.0,0.0,,,0.0,0.0,,,,52.0,48.0,,0.0,25.0,,,,,,0.0,96.0,98.0,86.0,,,96.0,67.0,,,99.0,96.0,,,,93.0,36.0,78.0,98.0
489,Kevin Stadler,Stadler,,,0.0,0.0,0.0,0.0,,,,,,,,,,0.0,,,,,,,,,,,0.0,0.0,,,0.0,0.0,,0.0,0.0,,,0.0,50.0,0.0,0.0,,,,,,,,61.0,,,0.0,,0.0,,,
490,Scott Stallings,Stallings,,,63.0,67.0,,0.0,0.0,,,62.0,,,37.0,93.0,46.0,15.0,,10.0,,47.0,0.0,,,0.0,,,92.0,0.0,,,63.0,0.0,,5.0,,,,0.0,0.0,71.0,80.0,,,,,0.0,0.0,,56.0,,0.0,78.0,70.0,97.0,181.0,,44.0
491,Stephen Stallings Jr.,Stallings Jr.,,,,,,,,,,,,,,,,,,,,,,,,,,57.0,,,,,,,,,,,,,,,,,0.0,,,,54.0,,,,,,,,,,
492,Paul Stankowski,Stankowski,,,,,,,,,,,,,,,,,,,,,,,,,,,,,,,0.0,,,,,,,,,,,,,,,,,,,,,,,,,,
493,Kyle Stanley,Stanley,,0.0,0.0,0.0,0.0,,46.0,97.0,,0.0,,,0.0,66.0,0.0,0.0,,54.0,,0.0,,,,38.0,,64.0,0.0,0.0,,,6.0,,,92.0,37.0,,0.0,56.0,85.0,71.0,73.0,71.0,,,0.0,0.0,,,89.0,,0.0,72.0,80.0,,158.0,,91.0
494,Brendan Steele,Steele,,99.0,71.0,0.0,0.0,,,,,96.0,0.0,0.0,,93.0,,24.0,84.0,,73.0,,39.0,54.0,,62.0,,,,0.0,17.0,10.0,,,,0.0,0.0,,96.0,72.0,,75.0,77.0,61.0,,,84.0,71.0,96.0,,46.0,,,,54.0,,76.0,50.0,
495,Shawn Stefani,Stefani,,,,,,,,86.0,,,,,,,0.0,,,0.0,,,,,,0.0,,0.0,,,,,0.0,,,,,,,,,,0.0,,0.0,,,,,0.0,,,,,,0.0,,,
496,Henrik Stenson,Stenson,,,,,,,,,,,0.0,,,,,,,,0.0,,,,,,0.0,73.0,0.0,,,,0.0,0.0,0.0,66.0,,,,,,,,,,,0.0,0.0,0.0,,0.0,56.0,,58.0,,,67.0,57.0,0.0
497,Brandon Stone,Stone,,,,,,,,,,,,,,,,,,,,,,,,,,,,,,,,,,,,,,,,,,,,37.0,,,,,,,,,,,144.0,0.0,
498,Tyler Strafaci,Strafaci,,,,,,,,,,,,,,,,,,,,,,,,,,,,,,,,,,,,,,,0.0,,,0.0,,,,,,,,0.0,,,,0.0,,,
499,Sepp Straka,Straka,,62.0,97.0,0.0,0.0,,0.0,,,79.0,0.0,0.0,57.0,0.0,90.0,81.0,19.0,75.0,18.0,0.0,0.0,,,82.0,,57.0,0.0,36.0,,,71.0,94.0,,34.0,28.0,,81.0,0.0,78.0,0.0,,61.0,,,0.0,0.0,76.0,92.0,53.0,,55.0,,64.0,81.0,193.0,,0.0
500,Robert Streb,Streb,,0.0,0.0,0.0,,0.0,,74.0,,0.0,,,,0.0,0.0,0.0,,0.0,,0.0,,,,0.0,,73.0,0.0,,,,21.0,,,100.0,,8.0,52.0,,0.0,0.0,,0.0,,,0.0,0.0,89.0,,,0.0,60.0,,0.0,,62.0,60.0,61.0
501,Kevin Streelman,Streelman,,,0.0,70.0,0.0,99.0,,,,65.0,0.0,0.0,0.0,99.0,,91.0,28.0,,28.0,,14.0,28.0,,97.0,0.0,,,0.0,74.0,65.0,,0.0,,18.0,56.0,,,0.0,75.0,81.0,91.0,55.0,,,,0.0,72.0,,,,73.0,0.0,80.0,,14.0,92.0,79.0
502,Steve Stricker,Stricker,,,0.0,0.0,,0.0,52.0,,,,41.0,0.0,,,6.0,18.0,77.0,,0.0,,,,,,0.0,,,,,,,,,,77.0,,,0.0,60.0,96.0,,,,,48.0,0.0,89.0,,,,,,,,46.0,70.0,
503,Chris Stroud,Stroud,,,0.0,0.0,0.0,0.0,0.0,,,0.0,,,64.0,0.0,59.0,30.0,,0.0,,0.0,,,,0.0,,0.0,0.0,,,,,,,,,,,,,,,,,,,,,,,,,,,,,,
504,Brian Stuard,Stuard,,62.0,54.0,,0.0,0.0,80.0,,,54.0,0.0,37.0,32.0,72.0,59.0,0.0,0.0,,0.0,35.0,0.0,,,97.0,,57.0,0.0,0.0,,,0.0,28.0,,25.0,0.0,,64.0,35.0,0.0,54.0,88.0,0.0,,,0.0,62.0,0.0,47.0,0.0,,84.0,0.0,74.0,73.0,173.0,,53.0
505,Zack Sucher,Sucher,,,0.0,74.0,0.0,0.0,,74.0,,,,,,,4.0,,,0.0,,,,,,0.0,,0.0,,,,,0.0,,,,,,,,,,61.0,,50.0,,,,,0.0,,,,,,0.0,,,
506,James Sugrue,Sugrue,,,,,,,,,,,,,,,,,,,,,,,,,0.0,,,,,,,,0.0,,,,,,,,,,,,,,,,,,,,,,,,
507,Justin Suh,Suh,,,,0.0,,0.0,,0.0,,,,,,,,,,,,,,,,,,82.0,,89.0,,,0.0,,,,,,,,75.0,,,,72.0,,,,,77.0,,,,,0.0,,,,
508,Andy Sullivan,Sullivan,,,,,,,,,,,,,,,,,,,,,,,,,0.0,,,,,,,,,0.0,,,,,,,,,,5.0,,,,,,,,,,,92.0,0.0,
509,Preston Summerhays,Summerhays,,,,,,,,,,,,,,,,,,,,,,,,,0.0,,,,,,,,,,,,,,,,,,,,,,,,,,,,,,,,
510,Hudson Swafford,Swafford,,59.0,0.0,,91.0,,,,,84.0,,,,0.0,59.0,0.0,,0.0,,,,,,25.0,,100.0,0.0,0.0,,,9.0,0.0,,0.0,,16.0,81.0,0.0,,0.0,,,,,0.0,0.0,0.0,95.0,,0.0,0.0,0.0,,0.0,113.0,0.0,61.0
511,Connor Syme,Syme,,,,,,,,,,,,,,,,,,,,,,,,,0.0,,,,,,,,,,,,,,,,,,,,,,,,,,,,,,,,
512,Ken Tanigawa,Tanigawa,,,,,,,,,,,,,,,,,,,0.0,,,,,,,,,,,,,,,,,,,,,,,,,,,,,,,,,,,,,,
513,Ben Taylor,Taylor,,0.0,0.0,62.0,,0.0,,0.0,,,,,,,0.0,,,0.0,,0.0,,,,52.0,,0.0,,,,,29.0,,,,10.0,,0.0,0.0,0.0,,66.0,,0.0,,,,,59.0,,,,,,0.0,,,
514,Vaughn Taylor,Taylor,,89.0,71.0,,0.0,0.0,88.0,,,69.0,4.0,0.0,32.0,0.0,,0.0,0.0,0.0,,,,,,,,0.0,0.0,0.0,,,43.0,0.0,,55.0,0.0,,81.0,17.0,,0.0,85.0,0.0,67.0,,,0.0,0.0,0.0,66.0,,0.0,96.0,0.0,0.0,,,
515,Nick Taylor,Taylor,,76.0,0.0,,62.0,99.0,0.0,,,,20.0,,,,,30.0,0.0,,0.0,,0.0,28.0,,,,,0.0,0.0,22.0,19.0,,,53.0,0.0,,30.0,92.0,35.0,,0.0,73.0,81.0,,,0.0,67.0,0.0,,56.0,,0.0,0.0,80.0,,178.0,,48.0
516,Josh Teater,Teater,,,55.0,0.0,,0.0,,98.0,,0.0,,0.0,,,13.0,,,19.0,,25.0,,,,0.0,,0.0,,,,,0.0,,,18.0,,,,45.0,,,66.0,,82.0,,,,,71.0,,,,,,0.0,,,
517,Sahith Theegala,Theegala,,,,,,,,,,,,,,0.0,0.0,,,0.0,,,,,,82.0,,,0.0,,,,,,,,,,,,,,,,,,,,,,,,,,,,200.0,,0.0
518,Justin Thomas,Thomas,95.0,0.0,,,97.0,,0.0,,90.0,,,87.0,91.0,0.0,,100.0,77.0,,54.0,,31.0,65.0,93.0,,89.0,,,,86.0,99.0,,,95.0,,85.0,94.0,,,,89.0,,0.0,,78.0,,99.0,,,,74.0,,90.0,80.0,,93.0,0.0,65.0
519,Michael Thompson,Thompson,,71.0,0.0,0.0,,0.0,0.0,,,60.0,,,91.0,34.0,10.0,0.0,,100.0,0.0,,0.0,16.0,,,23.0,,,,17.0,1.0,,79.0,,,,48.0,81.0,94.0,,0.0,77.0,0.0,,,,67.0,85.0,,,60.0,67.0,,0.0,,197.0,,0.0
520,Davis Thompson,Thompson,,,,,,,,0.0,,,,,,,,,,,,,,,,,0.0,,,,,,,,,0.0,,,,,,,,,,,,,,,,,,,,,,,
521,Brendon Todd,Todd,16.0,83.0,75.0,,,,52.0,,46.0,,75.0,0.0,0.0,85.0,20.0,,72.0,,80.0,0.0,10.0,90.0,33.0,,64.0,,,,34.0,40.0,0.0,,0.0,45.0,90.0,66.0,70.0,,,81.0,,0.0,,73.0,52.0,75.0,,,,47.0,70.0,,,,100.0,0.0,91.0
522,Ryuko Tokimatsu,Tokimatsu,,0.0,,,,,,,,,,,,,,,,,,,,,,,,,,,,,,,,,,,,,,,,,,,,,,,,,,,,,,,
523,D.J. Trahan,Trahan,,79.0,55.0,0.0,,0.0,,54.0,,0.0,,,,0.0,0.0,0.0,,0.0,,0.0,,,,82.0,,31.0,32.0,,,,35.0,,,0.0,0.0,,0.0,,,,0.0,,82.0,,,,57.0,60.0,56.0,,,0.0,51.0,54.0,,,
524,Martin Trainer,Trainer,1.0,0.0,0.0,0.0,0.0,0.0,60.0,0.0,,0.0,,,0.0,0.0,0.0,0.0,,0.0,,0.0,,,,0.0,,0.0,0.0,0.0,,,,0.0,,0.0,,,64.0,0.0,0.0,0.0,0.0,,0.0,,,,0.0,55.0,66.0,,0.0,0.0,0.0,0.0,,,
525,Cameron Tringale,Tringale,,,71.0,67.0,0.0,58.0,72.0,,,79.0,,,,0.0,59.0,0.0,,97.0,0.0,,60.0,,,0.0,,,45.0,73.0,,,0.0,59.0,,97.0,,,,23.0,85.0,85.0,94.0,76.0,,,73.0,0.0,89.0,,93.0,,,98.0,0.0,,109.0,0.0,71.0
526,Donnie Trosper,Trosper,,,,,,,,,,,,,,,0.0,0.0,,,,,,,,,,,,,,,,,,,,,,,,,,,0.0,,,,,,,,,,,,,,
527,Kevin Tway,Tway,,0.0,,79.0,71.0,,0.0,,,0.0,0.0,0.0,0.0,0.0,0.0,0.0,0.0,,,0.0,,,,0.0,,46.0,0.0,0.0,,,43.0,0.0,,0.0,,,0.0,0.0,0.0,0.0,,,,,,,,,,,63.0,0.0,52.0,0.0,,,
528,Peter Uihlein,Uihlein,,,,0.0,,0.0,,61.0,,,,81.0,,,0.0,,,10.0,,5.0,,,,0.0,,0.0,,,,,47.0,,,,,,,,,,61.0,,67.0,,,,,81.0,,,,63.0,,0.0,198.0,,0.0
529,Omar Uresti,Uresti,,,,,,,,0.0,,,,,,,,,,,,,,,,,,,,,,,,,,,,,,,,,,,0.0,,,,,0.0,,,,,,,151.0,0.0,
530,Sami Valimaki,Valimaki,,,,,,,,,,,,,,,,,,,,,,,,,0.0,,,,,,,,,,,,,,,,,,,11.0,,,,,,,,,,,124.0,0.0,
531,Dawie van der Walt,van der Walt,,,,,,,,,,,,,,,,,,,,,,,,,,,,,,,,72.0,,,,,,,,,,,,,,,,,,,,,,,,,
532,Bo Van Pelt,Van Pelt,,0.0,0.0,,0.0,0.0,,48.0,,0.0,,,0.0,0.0,4.0,0.0,,6.0,,0.0,,,,,,0.0,0.0,0.0,,,0.0,0.0,,0.0,0.0,,0.0,0.0,,75.0,0.0,,86.0,,,,0.0,55.0,73.0,,0.0,72.0,57.0,0.0,,,
533,Erik van Rooyen,van Rooyen,,,,,,,,,,,,,,,,,,,,,,,,0.0,64.0,,,,,,,72.0,0.0,,,,0.0,23.0,,,,,,,,,57.0,,89.0,,,0.0,0.0,0.0,114.0,0.0,
534,Frederick van Rooyen,van Rooyen,,,,,,,0.0,,95.0,0.0,,0.0,73.0,,0.0,,72.0,0.0,37.0,,,,,,,,,,,,,,,,,,,,0.0,0.0,,,,48.0,52.0,,,,,,,,,,,,
535,Daniel van Tonder,van Tonder,,,,,,,,,,,,,,,,,,,,,,,,,,,,,,,,,,,,,,,,,,,,2.0,,,,,,,,,,,47.0,70.0,
536,Harold Varner III,Varner III,,,0.0,0.0,0.0,0.0,88.0,,,69.0,49.0,73.0,0.0,54.0,59.0,0.0,0.0,,65.0,92.0,0.0,,,62.0,,,,82.0,,,,,,0.0,1.0,,,,0.0,89.0,0.0,48.0,,,81.0,59.0,85.0,,0.0,,98.0,,0.0,,53.0,67.0,71.0
537,Jhonattan Vegas,Vegas,,,63.0,79.0,,,0.0,91.0,,79.0,,12.0,79.0,66.0,,0.0,,0.0,,0.0,,,,30.0,,0.0,0.0,,,,15.0,37.0,,0.0,73.0,,,,0.0,,66.0,,98.0,,,59.0,78.0,85.0,0.0,,,67.0,70.0,93.0,183.0,,42.0
538,Kristoffer Ventura,Ventura,,0.0,0.0,0.0,,0.0,,81.0,,,,,,,71.0,,,0.0,,53.0,,,,92.0,,,92.0,0.0,,,0.0,7.0,,0.0,0.0,,,0.0,0.0,,0.0,,62.0,,68.0,0.0,0.0,0.0,48.0,,,0.0,0.0,0.0,,,
539,Ryan Vermeer,Vermeer,,,,,,,,,,,,,,,,,,,0.0,,,,,,0.0,,,,,,,,,,,,,,,,,,,,,,,,,,,,,,,,
540,Camilo Villegas,Villegas,,,,,,,,,,0.0,,,,,,,,,,,,,,0.0,,,67.0,0.0,,,21.0,0.0,,92.0,56.0,,,0.0,0.0,0.0,,0.0,,,0.0,,93.0,0.0,86.0,,79.0,92.0,,,184.0,,42.0
541,Michael Visacki,Visacki,,,,,,,,,,,,,,,,,,,,,,,,,,,,,,,,,,,,,,,,,,,,,,,,,,,,0.0,,,207.0,,0.0
542,Johnson Wagner,Wagner,,,,,,0.0,,67.0,,,,,,,20.0,,,0.0,,,,,,0.0,,0.0,,,,,35.0,,,,0.0,,,,,,0.0,,0.0,,,,,0.0,,,,,60.0,73.0,,,
543,Jimmy Walker,Walker,,66.0,0.0,79.0,51.0,0.0,0.0,,,84.0,67.0,0.0,0.0,,0.0,0.0,18.0,,0.0,,,,,,0.0,,32.0,0.0,,,,0.0,2.0,,,,0.0,17.0,0.0,0.0,0.0,0.0,,,,0.0,59.0,,56.0,0.0,,78.0,52.0,0.0,68.0,57.0,0.0
544,Danny Walker,Walker,,,,,,,,,,,,,,,,,,,,,,,,,,,,,,,0.0,,,,,,,,,,,,,,,,,,,,,,,,,,
545,Matt Wallace,Wallace,,,,,,,,,18.0,0.0,67.0,0.0,16.0,0.0,84.0,43.0,96.0,,4.0,0.0,,,,,31.0,,,,,,,,25.0,45.0,,,,,,,,,0.0,,84.0,,0.0,,98.0,60.0,84.0,,95.0,,57.0,63.0,53.0
546,Dalton Ward,Ward,,,,,,,,,,,,,,,,,,,,,,,,,,,,,,,,,,,,,,,,,,,58.0,,,,,,,,,,,,,,
547,Paul Waring,Waring,,,,,,,,,,,,,,,,,,,,,,,,,0.0,,,,,,,,,,,,,,,,,,,,,,,,,,,,,,,,
548,Shawn Warren,Warren,,,,,,,,,,,,,,,,,,,0.0,,,,,,,,,,,,,,,,,,,,,,,,,,,,,,,,,,,,,,
549,"Steve Watanabe, Jr","Watanabe, Jr",,,,,,,,,,,,,,,,,,,,,,,,0.0,,,,,,,,,,,,,,,,,,,,,,,,,,,,,,,,,
550,Nick Watney,Watney,,,79.0,0.0,,0.0,0.0,,,79.0,,0.0,0.0,,,0.0,,84.0,,0.0,,,,38.0,,,0.0,0.0,,,0.0,,,0.0,0.0,,0.0,0.0,0.0,,0.0,,0.0,,,,,0.0,0.0,,0.0,0.0,,0.0,,,
551,Bubba Watson,Watson,,,,95.0,97.0,,0.0,,73.0,,0.0,91.0,32.0,0.0,0.0,0.0,58.0,0.0,11.0,,76.0,78.0,,,51.0,,,,92.0,96.0,,,7.0,,,,,,0.0,81.0,,0.0,,22.0,,0.0,,,,67.0,,90.0,86.0,,79.0,48.0,
552,Mike Weir,Weir,,,,,,,,,,,,,,,,,,,,,,,,,,,,,,,,,17.0,,,,64.0,,,,,,,,,,,,,0.0,,,,,,,
553,Richy Werenski,Werenski,,,0.0,52.0,,0.0,,0.0,,87.0,,15.0,,34.0,71.0,49.0,,97.0,0.0,,4.0,72.0,,,0.0,,12.0,0.0,65.0,27.0,,,,0.0,,39.0,0.0,72.0,60.0,81.0,,52.0,,,96.0,0.0,0.0,,,,0.0,0.0,74.0,,41.0,74.0,61.0
554,Kyle Westmoreland,Westmoreland,,,,,0.0,,,,,,,,,,,,,,,,,,,,,,,,,,,,,,,,,,,,,,,,,,,,,,,,,,,,
555,Lee Westwood,Westwood,,,,,,,,,68.0,96.0,0.0,,,,,,,,,,,,,,80.0,,,,,,,0.0,38.0,0.0,,,,,,,,,,14.0,98.0,99.0,0.0,,,0.0,53.0,,,85.0,73.0,53.0,0.0
556,Daniel Wetterich,Wetterich,,,,,,,,,,0.0,,,,,,,,,,,,,,,,,,,,,,,,,,,,,,,,,,,,,,,,,,,,,,,
557,Vincent Whaley,Whaley,,0.0,79.0,0.0,,72.0,,91.0,,0.0,,,,,0.0,,,0.0,,53.0,,,,70.0,,64.0,5.0,,,,0.0,,,0.0,69.0,,,0.0,0.0,0.0,66.0,,86.0,,,,72.0,77.0,73.0,,,78.0,80.0,81.0,163.0,,79.0
558,Chris Wiatr,Wiatr,,,,,,,,,,,,,,,,,,,,,,,,,,,,,,,,,,,,,,,,,,,,,,,,0.0,,,,,,,,,
559,Tim Widing,Widing,,,,,,,,,,,,,,,,,,,,,,,,,,,,,,,,,,,,,,,,,,0.0,,,,,,,,,,,,,,,
560,Bernd Wiesberger,Wiesberger,,,,,,,,,46.0,,,,,,,,0.0,63.0,47.0,,,,,,31.0,,,,,,,,5.0,95.0,,,,,,,,,,18.0,73.0,0.0,,,0.0,52.0,,,,,115.0,0.0,
561,Tim Wilkinson,Wilkinson,,76.0,84.0,0.0,,82.0,,81.0,,0.0,,,,0.0,0.0,55.0,,24.0,,0.0,,,,52.0,,19.0,0.0,,,,0.0,,,0.0,0.0,,0.0,0.0,53.0,,80.0,,79.0,,,,,71.0,,,,0.0,60.0,0.0,,,
562,Danny Willett,Willett,,,,,,,0.0,,38.0,,75.0,0.0,0.0,0.0,96.0,,58.0,,0.0,0.0,,,,,0.0,,,,,,21.0,0.0,60.0,0.0,,,,,,,,,,,73.0,,,94.0,0.0,0.0,84.0,0.0,,,69.0,57.0,
563,Ben Willman,Willman,,,,,,,,,,,,,,,,,,,,,,,,,,,,,,,,0.0,,,,,,,,,,,,,,,,,,,,,,,,,
564,Mark Wilson,Wilson,,,0.0,,,,,,,,,,,,,,,,,,,,,,,,,,,,,,,,,,,,,,,,,,,,,,,,,,,,,,
565,Matt Wilson,Wilson,,,,,,,,,,,,,,,,,,,,,,,,,,,,0.0,,,,,,,,,,,,,,,,,,,,,,,,,,,,,
566,Aaron Wise,Wise,,0.0,0.0,,0.0,60.0,0.0,,,75.0,,,0.0,34.0,0.0,0.0,,0.0,,0.0,,,,0.0,,,76.0,0.0,,,63.0,85.0,,0.0,99.0,,,0.0,,50.0,,,,,0.0,57.0,89.0,,66.0,,0.0,,94.0,63.0,21.0,87.0,
567,Matthew Wolff,Wolff,67.0,,60.0,84.0,0.0,,0.0,,,59.0,26.0,21.0,0.0,0.0,99.0,0.0,72.0,84.0,96.0,,39.0,78.0,,,98.0,,,100.0,6.0,36.0,,,0.0,,,,,45.0,0.0,71.0,,46.0,,0.0,,,,,,0.0,,,,,,,
568,Min Woo Lee,Woo Lee,,,,,,,,,,,,,,,,,,,,,,,,,,,,,,,,,,,,,,,,,0.0,,,59.0,,,,,,,,,,,,,
569,Gary Woodland,Woodland,77.0,,,0.0,68.0,,,,83.0,94.0,,88.0,19.0,0.0,,94.0,72.0,,28.0,,0.0,54.0,,,0.0,,,,8.0,0.0,,,0.0,,0.0,,,79.0,68.0,0.0,,0.0,,40.0,,0.0,,,95.0,52.0,,0.0,97.0,,42.0,74.0,86.0
570,Tiger Woods,Woods,,,,92.0,,,43.0,,,,,,,,,,47.0,,54.0,,19.0,28.0,,,0.0,,,,,8.0,,,38.0,,,,,,,,,,,,,,,,,,,,,,,,
571,Ian Woosnam,Woosnam,,,,,,,,,,,,,,,,,,,,,,,,,,,,,,,,,,,,,,,,,,,,,,,,,,0.0,,,,,,,
572,Brandon Wu,Wu,,,,62.0,,72.0,,,,,,,,,,0.0,,,,,,,,,0.0,,,,,,,,,,,,,,,,,,93.0,,,,0.0,0.0,,,,,,,,,
573,Y.E. Yang,Yang,,,,,,,,,,,,,,,,,,,,,,,,,,,,,,,,,,,,,0.0,,,,,,,,,,,,,,,,,,154.0,0.0,
574,Cameron Young,Young,,,,,,,,,,,,,,,,,,,,,,,,,,,,,,,,,,,,,,,0.0,,,,,,,,,,,,,,,,,,
575,Carson Young,Young,,,,,,,,,,,,,,,,,,,,,,,,,,,,,,,,,,,,,,,,,,,0.0,,,,,,,,,,,,,,
576,Chun An Yu,Yu,,,,,,,,,,,0.0,,,,,,,,,,,,,,0.0,,,,,,,,,,,,,,,,,,,,,,,,,,,,,,,,
577,Sean Yu,Yu,,,,,,,0.0,,,,,,,,,,,,,,,,,,,,,,,,,,,,,,,,,,,,,,,,,,,,,,,,,,
578,Yechun Yuan,Yuan,,,,,,,,0.0,,,,,,,,,,,,,,,,,,,,,,,,,,,,,,,,,,,,,,,,,,,,,,,,,
579,Andrew Yun,Yun,,,,,,,,,,,,,,,,,,,,,,,,,,,,,,,,,,,,,,,,,,,,,,,,81.0,,,,,,,,,
580,Zach Zaback,Zaback,,,,,,,,,,,,,,,,,,,,,,,,,,,,,,,,,,,,,,,,,,,,,,,0.0,,,,,,,,,,
581,Will Zalatoris,Zalatoris,,,,,,,,,,,,,,,,,,,,,,,,,92.0,91.0,0.0,94.0,,,78.0,,,,28.0,,,,95.0,85.0,64.0,86.0,,66.0,89.0,86.0,,,,98.0,67.0,,0.0,88.0,15.0,92.0,50.0
582,Fabrizio Zanotti,Zanotti,,,,,,,,,,,,,,,,,,,,,,,,,,,,,,,,,,,,,,,,,,,,,,,,81.0,,,,,,,,,
583,Xinjun Zhang,Zhang,,0.0,0.0,62.0,78.0,58.0,,86.0,,0.0,26.0,0.0,,0.0,0.0,0.0,88.0,84.0,0.0,0.0,0.0,,,82.0,,86.0,0.0,0.0,,,,0.0,,0.0,13.0,,0.0,0.0,60.0,51.0,0.0,0.0,76.0,,,0.0,0.0,0.0,0.0,,0.0,0.0,0.0,0.0,185.0,,40.0
584,Matt Fitzpatrick,,,,,,,,,,,,,,,,,,,,,,,,,,,,,,,,,,,,,,,,,,,,,,,,,,,,,,,,27.0,83.0,
585,Dean Burmester,,,,,,,,,,,,,,,,,,,,,,,,,,,,,,,,,,,,,,,,,,,,,,,,,,,,,,,,58.0,60.0,
586,Garrick Higgo,,,,,,,,,,,,,,,,,,,,,,,,,,,,,,,,,,,,,,,,,,,,,,,,,,,,,,,,65.0,57.0,
587,Brad Marek,,,,,,,,,,,,,,,,,,,,,,,,,,,,,,,,,,,,,,,,,,,,,,,,,,,,,,,,77.0,50.0,
588,Greg Koch,,,,,,,,,,,,,,,,,,,,,,,,,,,,,,,,,,,,,,,,,,,,,,,,,,,,,,,,111.0,0.0,
589,George Coetzee,,,,,,,,,,,,,,,,,,,,,,,,,,,,,,,,,,,,,,,,,,,,,,,,,,,,,,,,117.0,0.0,
590,Kalle Samooja,,,,,,,,,,,,,,,,,,,,,,,,,,,,,,,,,,,,,,,,,,,,,,,,,,,,,,,,123.0,0.0,
591,Brett Walker,,,,,,,,,,,,,,,,,,,,,,,,,,,,,,,,,,,,,,,,,,,,,,,,,,,,,,,,125.0,0.0,
592,Pete Ballo,,,,,,,,,,,,,,,,,,,,,,,,,,,,,,,,,,,,,,,,,,,,,,,,,,,,,,,,126.0,0.0,
593,K.H. Lee,,,,,,,,,,,,,,,,,,,,,,,,,,,,,,,,,,,,,,,,,,,,,,,,,,,,,,,,127.0,0.0,
594,Mark Geddes,,,,,,,,,,,,,,,,,,,,,,,,,,,,,,,,,,,,,,,,,,,,,,,,,,,,,,,,129.0,0.0,
595,Tim Pearce,,,,,,,,,,,,,,,,,,,,,,,,,,,,,,,,,,,,,,,,,,,,,,,,,,,,,,,,130.0,0.0,
596,Ben Polland,,,,,,,,,,,,,,,,,,,,,,,,,,,,,,,,,,,,,,,,,,,,,,,,,,,,,,,,131.0,0.0,
597,Stuart Smith,,,,,,,,,,,,,,,,,,,,,,,,,,,,,,,,,,,,,,,,,,,,,,,,,,,,,,,,139.0,0.0,
598,Patrick Rada,,,,,,,,,,,,,,,,,,,,,,,,,,,,,,,,,,,,,,,,,,,,,,,,,,,,,,,,145.0,0.0,
599,Sonny Skinner,,,,,,,,,,,,,,,,,,,,,,,,,,,,,,,,,,,,,,,,,,,,,,,,,,,,,,,,146.0,0.0,
600,Larkin Gross,,,,,,,,,,,,,,,,,,,,,,,,,,,,,,,,,,,,,,,,,,,,,,,,,,,,,,,,147.0,0.0,
601,"Frank Bensel, Jr.",,,,,,,,,,,,,,,,,,,,,,,,,,,,,,,,,,,,,,,,,,,,,,,,,,,,,,,,148.0,0.0,
602,Derek Holmes,,,,,,,,,,,,,,,,,,,,,,,,,,,,,,,,,,,,,,,,,,,,,,,,,,,,,,,,149.0,0.0,
603,Joseph Summerhays,,,,,,,,,,,,,,,,,,,,,,,,,,,,,,,,,,,,,,,,,,,,,,,,,,,,,,,,150.0,0.0,
